doc_type,ocr_engine,text_language,collateral_type,match_score,pii_detected,rule_violations,is_duplicate,ocr_confidence,compliance_status,fraude_score,customer_segment,regiao,default_12m
LAUDO,TESSERACT,EN,SEM_GARANTIA,0.606,0,5,0,0.488,REVIEW,6,PF,S,0
LAUDO,AZURE_OCR,EN,SEM_GARANTIA,0.356,0,5,0,0.945,REVIEW,6,AGRO_GRANDE,N,0
DIVERGENTE,GOOGLE_VISION,EN,SEM_GARANTIA,0.28,0,5,0,0.714,REVIEW,6,PJ_ME,NE,0
DIVERGENTE,AZURE_OCR,EN,SEM_GARANTIA,0.678,0,5,1,0.795,REVIEW,6,PJ_ME,N,0
EXTRATO,AZURE_OCR,EN,SEM_GARANTIA,0.377,0,3,0,0.444,OK,6,PJ_EPP,NE,0
LAUDO,TESSERACT,ES,SEM_GARANTIA,0.255,0,4,0,0.476,OK,6,AGRO_PEQUENO,NE,0
LAUDO,GOOGLE_VISION,ES,SEM_GARANTIA,0.804,0,5,0,0.388,REVIEW,6,AGRO_PEQUENO,SE,0
DIVERGENTE,AZURE_OCR,ES,SEM_GARANTIA,0.654,0,5,0,0.429,REVIEW,6,AGRO_GRANDE,SE,0
EXTRATO,AZURE_OCR,ES,MAQUINARIO,0.262,0,5,0,0.863,REVIEW,5,PF,NE,0
LAUDO,AZURE_OCR,EN,SEM_GARANTIA,0.709,0,5,0,0.781,REVIEW,5,AGRO_PEQUENO,NE,0
EXTRATO,GOOGLE_VISION,EN,SEM_GARANTIA,0.759,0,3,0,0.479,OK,5,PJ_EPP,NE,0
CONTRATO,TESSERACT,EN,SEM_GARANTIA,0.855,0,3,0,0.358,OK,5,PJ_EPP,N,0
DIVERGENTE,AZURE_OCR,EN,CPR,0.772,0,6,0,0.476,REVIEW,5,AGRO_GRANDE,NE,0
CONTRATO,AZURE_OCR,EN,SEM_GARANTIA,0.382,1,4,0,0.5,REVIEW,5,PJ_EPP,SE,1
EXTRATO,TESSERACT,ES,VEICULO,0.359,0,6,0,0.643,REVIEW,5,AGRO_GRANDE,SE,1
NF,GOOGLE_VISION,ES,VEICULO,0.322,0,6,0,0.789,REVIEW,5,PJ_GRANDE,S,0
LAUDO,AZURE_OCR,EN,SEM_GARANTIA,0.526,0,5,0,0.711,REVIEW,5,PJ_EPP,NE,0
DIVERGENTE,AZURE_OCR,EN,SEM_GARANTIA,0.539,1,4,0,0.481,REVIEW,5,PF,S,0
EXTRATO,GOOGLE_VISION,EN,SEM_GARANTIA,0.707,0,3,0,0.451,OK,5,AGRO_MEDIO,S,0
DIVERGENTE,TESSERACT,EN,SEM_GARANTIA,0.769,0,5,0,0.712,REVIEW,5,AGRO_GRANDE,SE,0
CONTRATO,AZURE_OCR,ES,SEM_GARANTIA,0.262,0,3,0,0.676,OK,5,AGRO_GRANDE,N,0
CONTRATO,GOOGLE_VISION,ES,SEM_GARANTIA,0.637,0,5,0,0.592,REVIEW,5,AGRO_MEDIO,N,0
DIVERGENTE,AZURE_OCR,ES,MAQUINARIO,0.859,0,5,0,0.419,REVIEW,5,PF,N,0
DIVERGENTE,AZURE_OCR,ES,MAQUINARIO,0.688,0,3,1,0.441,OK,5,PJ_ME,N,0
DIVERGENTE,TESSERACT,EN,SEM_GARANTIA,0.402,0,3,0,0.366,OK,5,PJ_ME,N,1
LAUDO,AZURE_OCR,EN,SEM_GARANTIA,0.386,0,3,0,0.81,OK,5,AGRO_PEQUENO,N,0
DIVERGENTE,TESSERACT,ES,SEM_GARANTIA,0.878,0,4,0,0.47,OK,5,AGRO_GRANDE,N,0
CONTRATO,AZURE_OCR,ES,SEM_GARANTIA,0.67,0,4,0,0.491,OK,5,PJ_GRANDE,CO,0
EXTRATO,AZURE_OCR,ES,SEM_GARANTIA,0.781,0,5,0,0.744,REVIEW,5,PJ_EPP,S,0
NF,AZURE_OCR,EN,SEM_GARANTIA,0.248,0,4,0,0.933,OK,5,PJ_EPP,NE,0
EXTRATO,TESSERACT,ES,IMOVEL,0.307,0,1,0,0.199,REVIEW,5,AGRO_PEQUENO,N,1
NF,TESSERACT,ES,CPR,0.351,1,3,0,0.496,REVIEW,5,PJ_ME,NE,0
NF,TESSERACT,EN,SEM_GARANTIA,0.668,0,3,0,0.275,OK,5,PJ_ME,N,0
NF,AZURE_OCR,ES,SEM_GARANTIA,0.694,0,3,0,0.492,OK,5,PJ_ME,SE,0
LAUDO,GOOGLE_VISION,ES,SEM_GARANTIA,0.956,0,3,0,0.441,OK,5,AGRO_GRANDE,CO,0
NF,AZURE_OCR,ES,CPR,0.429,0,5,0,0.41,REVIEW,5,PF,S,0
CONTRATO,AZURE_OCR,ES,SEM_GARANTIA,0.683,0,3,1,0.853,OK,5,AGRO_PEQUENO,NE,0
NF,AZURE_OCR,EN,SEM_GARANTIA,0.829,0,4,0,0.375,OK,5,PJ_ME,CO,0
LAUDO,AZURE_OCR,EN,SEM_GARANTIA,0.588,0,2,1,0.477,OK,5,PJ_GRANDE,SE,0
LAUDO,GOOGLE_VISION,EN,SEM_GARANTIA,0.708,0,3,0,0.468,OK,5,AGRO_PEQUENO,NE,0
DIVERGENTE,GOOGLE_VISION,EN,SEM_GARANTIA,0.243,0,4,0,0.744,OK,5,PJ_GRANDE,CO,0
NF,TESSERACT,ES,SEM_GARANTIA,0.392,0,0,0,0.417,OK,5,AGRO_PEQUENO,SE,1
EXTRATO,TESSERACT,EN,SEM_GARANTIA,0.626,0,4,0,0.475,OK,5,PF,NE,0
DIVERGENTE,GOOGLE_VISION,ES,SEM_GARANTIA,0.368,0,4,0,0.599,OK,5,AGRO_GRANDE,CO,0
LAUDO,GOOGLE_VISION,EN,SEM_GARANTIA,0.542,0,5,0,0.7144999999999999,REVIEW,5,AGRO_PEQUENO,N,0
DIVERGENTE,TESSERACT,EN,SEM_GARANTIA,0.868,0,3,0,0.475,OK,5,PF,CO,0
LAUDO,GOOGLE_VISION,ES,SEM_GARANTIA,0.782,0,3,0,0.466,OK,5,AGRO_MEDIO,NE,0
LAUDO,AZURE_OCR,EN,SEM_GARANTIA,0.323,0,3,0,0.682,OK,5,PJ_EPP,N,0
EXTRATO,AZURE_OCR,ES,SEM_GARANTIA,0.755,0,5,0,0.601,REVIEW,5,PF,NE,0
EXTRATO,GOOGLE_VISION,ES,SEM_GARANTIA,0.514,0,5,0,0.67,REVIEW,5,PJ_GRANDE,S,0
DIVERGENTE,TESSERACT,EN,SEM_GARANTIA,0.755,0,3,0,0.308,OK,5,AGRO_GRANDE,N,1
DIVERGENTE,TESSERACT,ES,SEM_GARANTIA,0.56,0,3,0,0.365,OK,5,AGRO_GRANDE,S,0
EXTRATO,AZURE_OCR,EN,SEM_GARANTIA,0.713,0,5,0,0.757,REVIEW,5,PF,NE,0
LAUDO,TESSERACT,ES,SEM_GARANTIA,0.785,0,5,0,0.533,REVIEW,5,AGRO_GRANDE,N,0
DIVERGENTE,TESSERACT,ES,CPR,0.818,0,6,0,0.405,REVIEW,5,PJ_EPP,CO,0
LAUDO,TESSERACT,ES,SEM_GARANTIA,0.509,0,6,0,0.836,REVIEW,5,AGRO_PEQUENO,N,0
CONTRATO,AZURE_OCR,EN,MAQUINARIO,0.425,0,6,0,0.443,REVIEW,5,AGRO_MEDIO,NE,0
LAUDO,GOOGLE_VISION,EN,SEM_GARANTIA,0.344,0,4,0,0.844,OK,5,AGRO_GRANDE,NE,0
EXTRATO,AZURE_OCR,EN,SEM_GARANTIA,0.653,0,5,0,0.67,REVIEW,5,PJ_GRANDE,CO,0
CONTRATO,AZURE_OCR,EN,SEM_GARANTIA,0.399,0,2,1,0.651,OK,5,PJ_ME,NE,0
CONTRATO,AZURE_OCR,EN,SEM_GARANTIA,0.521,0,5,0,0.517,REVIEW,5,PJ_EPP,N,1
CONTRATO,GOOGLE_VISION,EN,VEICULO,0.753,0,5,0,0.498,REVIEW,5,PJ_ME,NE,0
LAUDO,GOOGLE_VISION,EN,SEM_GARANTIA,0.479,1,3,1,0.797,REVIEW,5,PJ_EPP,NE,0
DIVERGENTE,TESSERACT,ES,SEM_GARANTIA,0.471,0,5,0,0.608,REVIEW,5,AGRO_PEQUENO,CO,0
DIVERGENTE,TESSERACT,EN,SEM_GARANTIA,0.747,0,3,0,0.438,OK,5,AGRO_GRANDE,N,0
LAUDO,AZURE_OCR,EN,IMOVEL,0.328,0,7,0,0.904,REVIEW,5,AGRO_MEDIO,CO,1
DIVERGENTE,TESSERACT,EN,SEM_GARANTIA,0.36,1,1,0,0.343,REVIEW,5,PJ_GRANDE,NE,1
NF,TESSERACT,ES,SEM_GARANTIA,0.74,0,4,0,0.397,OK,5,AGRO_PEQUENO,N,0
NF,TESSERACT,ES,SEM_GARANTIA,0.555,0,3,0,0.351,OK,5,AGRO_GRANDE,NE,0
CONTRATO,AZURE_OCR,ES,SEM_GARANTIA,0.5,0,4,0,0.455,OK,5,PJ_EPP,NE,1
NF,GOOGLE_VISION,EN,SEM_GARANTIA,0.934,0,6,0,0.606,REVIEW,5,AGRO_MEDIO,NE,0
CONTRATO,TESSERACT,EN,SEM_GARANTIA,0.635,0,6,0,0.887,REVIEW,5,PJ_ME,CO,0
DIVERGENTE,AZURE_OCR,ES,MAQUINARIO,0.718,0,5,0,0.496,REVIEW,5,AGRO_MEDIO,NE,1
CONTRATO,TESSERACT,EN,SEM_GARANTIA,0.319,0,3,0,0.712,OK,5,PJ_EPP,CO,0
DIVERGENTE,TESSERACT,EN,SEM_GARANTIA,0.471,0,3,0,0.47,OK,5,PF,N,0
LAUDO,AZURE_OCR,EN,CPR,0.917,0,7,0,0.357,REVIEW,5,AGRO_GRANDE,NE,0
DIVERGENTE,AZURE_OCR,ES,SEM_GARANTIA,0.825,0,3,1,0.912,OK,5,PJ_GRANDE,CO,0
EXTRATO,GOOGLE_VISION,ES,VEICULO,0.388,0,5,0,0.848,REVIEW,5,PJ_GRANDE,NE,0
DIVERGENTE,TESSERACT,ES,SEM_GARANTIA,0.657,0,6,0,0.721,REVIEW,5,AGRO_MEDIO,NE,0
EXTRATO,GOOGLE_VISION,ES,SEM_GARANTIA,0.377,0,3,0,0.652,OK,5,PF,CO,0
DIVERGENTE,GOOGLE_VISION,ES,SEM_GARANTIA,0.499,0,4,0,0.669,OK,4,PJ_GRANDE,N,0
CONTRATO,AZURE_OCR,ES,SEM_GARANTIA,0.442,0,1,0,0.385,OK,4,AGRO_MEDIO,NE,0
EXTRATO,AZURE_OCR,ES,SEM_GARANTIA,0.624,0,4,0,0.875,OK,4,PJ_GRANDE,SE,0
CONTRATO,AZURE_OCR,EN,SEM_GARANTIA,0.636,0,3,0,0.906,OK,4,AGRO_MEDIO,SE,0
CONTRATO,GOOGLE_VISION,EN,SEM_GARANTIA,0.918,0,1,0,0.391,OK,4,AGRO_GRANDE,N,0
LAUDO,TESSERACT,EN,SEM_GARANTIA,0.559,0,0,0,0.477,OK,4,PJ_EPP,N,0
EXTRATO,GOOGLE_VISION,EN,SEM_GARANTIA,0.297,0,0,0,0.722,OK,4,AGRO_MEDIO,N,1
NF,AZURE_OCR,EN,CPR,0.245,1,3,0,0.831,REVIEW,4,PJ_GRANDE,SE,0
EXTRATO,GOOGLE_VISION,ES,VEICULO,0.346,0,3,0,0.861,OK,4,AGRO_GRANDE,NE,0
CONTRATO,GOOGLE_VISION,EN,MAQUINARIO,0.551,1,3,0,0.462,REVIEW,4,AGRO_PEQUENO,N,0
EXTRATO,AZURE_OCR,ES,IMOVEL,0.594,0,5,0,0.811,REVIEW,4,PJ_EPP,NE,0
DIVERGENTE,TESSERACT,ES,CPR,0.803,0,4,0,0.43,OK,4,AGRO_GRANDE,NE,0
NF,GOOGLE_VISION,PT,SEM_GARANTIA,0.523,0,8,0,0.471,REVIEW,4,AGRO_MEDIO,SE,0
CONTRATO,AZURE_OCR,EN,IMOVEL,0.708,0,3,0,0.286,OK,4,PJ_ME,CO,0
CONTRATO,TESSERACT,ES,SEM_GARANTIA,0.709,0,1,0,0.41,OK,4,AGRO_PEQUENO,N,0
DIVERGENTE,AZURE_OCR,EN,SEM_GARANTIA,0.769,0,3,0,0.84,OK,4,AGRO_GRANDE,NE,1
CONTRATO,AZURE_OCR,ES,SEM_GARANTIA,0.586,0,3,0,0.626,OK,4,AGRO_PEQUENO,N,0
NF,GOOGLE_VISION,EN,SEM_GARANTIA,0.741,0,3,0,0.915,OK,4,PJ_ME,CO,0
EXTRATO,TESSERACT,EN,SEM_GARANTIA,0.585,0,3,0,0.767,OK,4,PJ_GRANDE,N,1
LAUDO,TESSERACT,EN,SEM_GARANTIA,0.649,0,4,0,0.659,OK,4,PF,N,0
CONTRATO,AZURE_OCR,EN,SEM_GARANTIA,0.702,0,0,0,0.488,OK,4,PJ_GRANDE,S,0
DIVERGENTE,TESSERACT,ES,MAQUINARIO,0.68,0,5,0,0.824,REVIEW,4,AGRO_PEQUENO,N,0
EXTRATO,AZURE_OCR,EN,SEM_GARANTIA,0.279,0,0,0,0.672,OK,4,PJ_GRANDE,SE,1
CONTRATO,AZURE_OCR,ES,MAQUINARIO,0.61,0,5,0,0.621,REVIEW,4,PJ_GRANDE,CO,0
EXTRATO,TESSERACT,ES,SEM_GARANTIA,0.792,0,3,0,0.573,OK,4,PJ_ME,N,0
LAUDO,AZURE_OCR,EN,MAQUINARIO,0.573,0,5,0,0.7,REVIEW,4,PJ_ME,CO,0
LAUDO,GOOGLE_VISION,ES,IMOVEL,0.891,0,5,0,0.742,REVIEW,4,PF,S,0
EXTRATO,AZURE_OCR,ES,VEICULO,0.854,0,6,0,0.711,REVIEW,4,PF,NE,0
EXTRATO,TESSERACT,ES,MAQUINARIO,0.387,0,3,0,0.688,OK,4,AGRO_MEDIO,SE,1
LAUDO,GOOGLE_VISION,ES,SEM_GARANTIA,0.528,0,3,0,0.816,OK,4,PJ_ME,SE,1
CONTRATO,GOOGLE_VISION,EN,VEICULO,0.864,1,3,0,0.484,REVIEW,4,PF,CO,0
LAUDO,TESSERACT,EN,SEM_GARANTIA,0.685,0,4,0,0.646,OK,4,PJ_ME,NE,0
DIVERGENTE,AZURE_OCR,ES,SEM_GARANTIA,0.611,0,1,0,0.476,OK,4,PJ_GRANDE,N,0
NF,GOOGLE_VISION,EN,SEM_GARANTIA,0.819,0,3,0,0.77,OK,4,AGRO_GRANDE,S,0
NF,AZURE_OCR,ES,SEM_GARANTIA,0.748,0,0,0,0.478,OK,4,PJ_GRANDE,SE,0
LAUDO,AZURE_OCR,ES,MAQUINARIO,0.387,0,4,0,0.771,OK,4,AGRO_GRANDE,NE,0
LAUDO,AZURE_OCR,ES,CPR,0.389,1,1,0,0.192,REVIEW,4,AGRO_GRANDE,NE,0
DIVERGENTE,AZURE_OCR,EN,CPR,0.651,0,3,0,0.499,OK,4,AGRO_GRANDE,NE,0
LAUDO,AZURE_OCR,ES,VEICULO,0.624,0,5,0,0.727,REVIEW,4,AGRO_MEDIO,NE,0
NF,TESSERACT,PT,SEM_GARANTIA,0.707,0,5,1,0.781,REVIEW,4,PF,N,0
DIVERGENTE,GOOGLE_VISION,EN,SEM_GARANTIA,0.335,0,0,0,0.565,OK,4,AGRO_MEDIO,N,0
DIVERGENTE,TESSERACT,EN,VEICULO,0.698,0,3,0,0.489,OK,4,AGRO_GRANDE,N,1
DIVERGENTE,AZURE_OCR,EN,SEM_GARANTIA,0.533,0,3,0,0.74,OK,4,PJ_ME,NE,0
LAUDO,GOOGLE_VISION,EN,MAQUINARIO,0.264,0,4,0,0.848,OK,4,AGRO_PEQUENO,N,0
LAUDO,TESSERACT,EN,SEM_GARANTIA,0.649,0,0,0,0.331,OK,4,AGRO_PEQUENO,NE,1
DIVERGENTE,AZURE_OCR,ES,SEM_GARANTIA,0.789,0,1,0,0.483,OK,4,PJ_GRANDE,NE,0
LAUDO,GOOGLE_VISION,ES,SEM_GARANTIA,0.754,0,4,0,0.663,OK,4,PF,N,1
EXTRATO,GOOGLE_VISION,ES,VEICULO,0.756,0,5,0,0.642,REVIEW,4,PJ_EPP,NE,0
CONTRATO,TESSERACT,ES,SEM_GARANTIA,0.544,0,3,0,0.627,OK,4,PJ_EPP,N,0
NF,GOOGLE_VISION,ES,MAQUINARIO,0.22,0,2,0,0.429,OK,4,PJ_GRANDE,NE,0
EXTRATO,GOOGLE_VISION,EN,MAQUINARIO,0.854,0,5,0,0.634,REVIEW,4,PJ_GRANDE,NE,1
LAUDO,AZURE_OCR,EN,SEM_GARANTIA,0.761,0,0,0,0.48,OK,4,AGRO_GRANDE,NE,0
NF,TESSERACT,ES,MAQUINARIO,0.698,0,3,0,0.448,OK,4,PJ_EPP,N,0
EXTRATO,TESSERACT,ES,SEM_GARANTIA,0.43,0,0,0,0.48,OK,4,PJ_EPP,S,0
EXTRATO,TESSERACT,ES,SEM_GARANTIA,0.731,0,3,0,0.696,OK,4,PJ_EPP,S,0
DIVERGENTE,GOOGLE_VISION,ES,SEM_GARANTIA,0.739,0,3,0,0.556,OK,4,AGRO_MEDIO,S,0
DIVERGENTE,TESSERACT,EN,SEM_GARANTIA,0.24,0,1,0,0.863,OK,4,PJ_ME,N,0
EXTRATO,GOOGLE_VISION,EN,SEM_GARANTIA,0.687,0,4,0,0.821,OK,4,PJ_EPP,NE,0
NF,TESSERACT,ES,MAQUINARIO,0.85,0,3,0,0.412,OK,4,AGRO_GRANDE,SE,0
EXTRATO,TESSERACT,ES,IMOVEL,0.629,0,5,0,0.943,REVIEW,4,PF,N,0
LAUDO,AZURE_OCR,ES,CPR,0.641,0,4,0,0.465,OK,4,PJ_ME,SE,0
EXTRATO,AZURE_OCR,ES,SEM_GARANTIA,0.569,0,4,0,0.876,OK,4,PJ_GRANDE,N,0
DIVERGENTE,TESSERACT,PT,SEM_GARANTIA,0.844,1,4,0,0.471,REVIEW,4,PJ_EPP,NE,0
NF,AZURE_OCR,EN,CPR,0.664,0,5,0,0.509,REVIEW,4,AGRO_MEDIO,NE,0
LAUDO,TESSERACT,EN,IMOVEL,0.374,0,3,0,0.689,OK,4,PJ_GRANDE,NE,0
DIVERGENTE,GOOGLE_VISION,EN,SEM_GARANTIA,0.467,0,4,0,0.705,OK,4,PJ_EPP,NE,0
DIVERGENTE,TESSERACT,EN,SEM_GARANTIA,0.285,0,1,0,0.894,OK,4,AGRO_PEQUENO,N,1
EXTRATO,AZURE_OCR,EN,VEICULO,0.723,0,4,0,0.338,OK,4,PJ_ME,NE,0
LAUDO,AZURE_OCR,EN,SEM_GARANTIA,0.59,0,0,0,0.278,OK,4,PJ_EPP,CO,0
LAUDO,GOOGLE_VISION,ES,VEICULO,0.781,0,5,0,0.746,REVIEW,4,AGRO_PEQUENO,NE,0
LAUDO,GOOGLE_VISION,EN,CPR,0.624,0,6,0,0.758,REVIEW,4,AGRO_PEQUENO,NE,0
LAUDO,TESSERACT,ES,MAQUINARIO,0.487,0,3,0,0.442,OK,4,PJ_ME,CO,1
NF,AZURE_OCR,ES,IMOVEL,0.496,0,5,0,0.637,REVIEW,4,AGRO_MEDIO,NE,0
LAUDO,TESSERACT,ES,SEM_GARANTIA,0.703,1,3,0,0.828,REVIEW,4,PJ_EPP,CO,0
NF,GOOGLE_VISION,EN,CPR,0.578,0,5,0,0.892,REVIEW,4,AGRO_PEQUENO,NE,0
DIVERGENTE,AZURE_OCR,EN,SEM_GARANTIA,0.482,0,3,0,0.723,OK,4,PF,CO,0
EXTRATO,GOOGLE_VISION,EN,CPR,0.388,0,4,0,0.764,OK,4,AGRO_GRANDE,SE,1
DIVERGENTE,GOOGLE_VISION,ES,CPR,0.768,0,3,0,0.477,OK,4,PJ_EPP,NE,0
NF,GOOGLE_VISION,EN,SEM_GARANTIA,0.541,0,4,0,0.897,OK,4,AGRO_PEQUENO,N,0
NF,AZURE_OCR,PT,SEM_GARANTIA,0.342,1,5,0,0.858,REVIEW,4,PJ_EPP,NE,0
CONTRATO,GOOGLE_VISION,ES,VEICULO,0.2,1,3,0,0.879,REVIEW,4,PF,NE,0
LAUDO,GOOGLE_VISION,EN,VEICULO,0.358,0,3,0,0.86,OK,4,PJ_ME,N,0
LAUDO,AZURE_OCR,ES,MAQUINARIO,0.609,0,5,0,0.686,REVIEW,4,AGRO_MEDIO,NE,0
LAUDO,GOOGLE_VISION,EN,SEM_GARANTIA,0.713,0,3,0,0.583,OK,4,PF,CO,0
LAUDO,AZURE_OCR,ES,SEM_GARANTIA,0.536,0,3,0,0.767,OK,4,PJ_GRANDE,CO,0
CONTRATO,TESSERACT,ES,VEICULO,0.368,1,4,0,0.613,REVIEW,4,AGRO_MEDIO,SE,0
DIVERGENTE,AZURE_OCR,EN,MAQUINARIO,0.648,0,3,0,0.377,OK,4,PJ_ME,S,0
DIVERGENTE,GOOGLE_VISION,EN,SEM_GARANTIA,0.523,0,3,0,0.539,OK,4,AGRO_MEDIO,NE,0
EXTRATO,GOOGLE_VISION,EN,SEM_GARANTIA,0.274,1,1,0,0.806,REVIEW,4,PJ_GRANDE,NE,0
NF,TESSERACT,EN,MAQUINARIO,0.95,0,3,0,0.471,OK,4,AGRO_PEQUENO,NE,0
LAUDO,TESSERACT,ES,SEM_GARANTIA,0.636,0,3,0,0.712,OK,4,AGRO_PEQUENO,NE,0
CONTRATO,GOOGLE_VISION,EN,SEM_GARANTIA,0.641,0,1,0,0.301,OK,4,PJ_GRANDE,N,1
EXTRATO,GOOGLE_VISION,EN,SEM_GARANTIA,0.662,0,3,0,0.798,OK,4,PJ_GRANDE,CO,0
DIVERGENTE,AZURE_OCR,ES,SEM_GARANTIA,0.893,0,1,0,0.485,OK,4,AGRO_MEDIO,SE,0
NF,AZURE_OCR,ES,SEM_GARANTIA,0.815,0,0,0,0.474,OK,4,PF,NE,1
LAUDO,AZURE_OCR,ES,SEM_GARANTIA,0.373,0,1,0,0.52,OK,4,AGRO_PEQUENO,N,0
EXTRATO,TESSERACT,ES,SEM_GARANTIA,0.514,0,3,0,0.829,OK,4,AGRO_PEQUENO,N,0
EXTRATO,GOOGLE_VISION,ES,SEM_GARANTIA,0.64,0,3,0,0.76,OK,4,PJ_ME,NE,1
LAUDO,AZURE_OCR,ES,CPR,0.338,0,2,0,0.455,OK,4,AGRO_GRANDE,S,0
NF,AZURE_OCR,EN,SEM_GARANTIA,0.585,0,3,0,0.769,OK,4,PJ_EPP,N,0
CONTRATO,GOOGLE_VISION,ES,SEM_GARANTIA,0.619,0,4,0,0.7144999999999999,OK,4,AGRO_MEDIO,N,0
DIVERGENTE,TESSERACT,PT,SEM_GARANTIA,0.376,1,6,0,0.782,REVIEW,4,AGRO_PEQUENO,N,0
EXTRATO,TESSERACT,EN,IMOVEL,0.349,0,4,0,0.898,OK,4,PJ_EPP,N,0
NF,GOOGLE_VISION,EN,SEM_GARANTIA,0.852,0,3,0,0.659,OK,4,AGRO_PEQUENO,N,0
DIVERGENTE,AZURE_OCR,ES,CPR,0.766,0,4,1,0.775,OK,4,AGRO_PEQUENO,CO,0
DIVERGENTE,AZURE_OCR,ES,SEM_GARANTIA,0.434,0,1,1,0.706,OK,4,PJ_GRANDE,NE,0
NF,TESSERACT,ES,MAQUINARIO,0.754,0,3,0,0.424,OK,4,PF,N,0
NF,AZURE_OCR,EN,SEM_GARANTIA,0.388,0,1,0,0.862,OK,4,AGRO_PEQUENO,NE,0
LAUDO,GOOGLE_VISION,EN,SEM_GARANTIA,0.32,0,2,0,0.571,OK,4,PJ_GRANDE,NE,0
DIVERGENTE,AZURE_OCR,ES,SEM_GARANTIA,0.599,0,1,0,0.486,OK,4,AGRO_PEQUENO,NE,0
NF,TESSERACT,ES,SEM_GARANTIA,0.671,0,0,0,0.173,OK,4,PJ_GRANDE,S,0
LAUDO,GOOGLE_VISION,ES,CPR,0.56,0,5,0,0.824,REVIEW,4,AGRO_GRANDE,CO,1
DIVERGENTE,AZURE_OCR,EN,SEM_GARANTIA,0.79,0,2,0,0.494,OK,4,AGRO_MEDIO,N,1
EXTRATO,AZURE_OCR,ES,SEM_GARANTIA,0.585,0,2,0,0.429,OK,4,PJ_GRANDE,N,1
CONTRATO,AZURE_OCR,EN,MAQUINARIO,0.347,0,1,0,0.341,OK,4,PF,NE,0
DIVERGENTE,AZURE_OCR,EN,SEM_GARANTIA,0.54,0,3,0,0.868,OK,4,AGRO_MEDIO,S,0
LAUDO,GOOGLE_VISION,ES,SEM_GARANTIA,0.517,0,3,0,0.57,OK,4,PJ_ME,N,0
LAUDO,GOOGLE_VISION,EN,IMOVEL,0.736,0,3,0,0.455,OK,4,PJ_ME,NE,0
LAUDO,GOOGLE_VISION,EN,CPR,0.385,0,2,0,0.458,OK,4,PF,NE,0
LAUDO,TESSERACT,ES,SEM_GARANTIA,0.531,0,3,0,0.759,OK,4,PJ_EPP,CO,0
NF,TESSERACT,EN,IMOVEL,0.686,0,6,0,0.734,REVIEW,4,PJ_EPP,CO,0
LAUDO,GOOGLE_VISION,ES,SEM_GARANTIA,0.715,0,0,0,0.452,OK,4,AGRO_MEDIO,NE,0
CONTRATO,GOOGLE_VISION,ES,SEM_GARANTIA,0.793,0,4,0,0.681,OK,4,PJ_EPP,NE,1
EXTRATO,TESSERACT,ES,CPR,0.75,1,5,0,0.477,REVIEW,4,AGRO_PEQUENO,N,0
NF,GOOGLE_VISION,EN,SEM_GARANTIA,0.675,0,3,0,0.751,OK,4,PJ_GRANDE,N,0
DIVERGENTE,AZURE_OCR,EN,SEM_GARANTIA,0.797,0,4,0,0.672,OK,4,AGRO_PEQUENO,NE,0
DIVERGENTE,TESSERACT,ES,MAQUINARIO,0.57,0,3,0,0.487,OK,4,PF,SE,0
LAUDO,GOOGLE_VISION,ES,SEM_GARANTIA,0.508,0,4,0,0.576,OK,4,AGRO_GRANDE,NE,0
LAUDO,AZURE_OCR,EN,SEM_GARANTIA,0.752,0,0,0,0.361,OK,4,PF,N,1
NF,AZURE_OCR,ES,IMOVEL,0.383,0,0,0,0.492,OK,4,PF,NE,0
EXTRATO,GOOGLE_VISION,ES,CPR,0.262,0,3,0,0.642,OK,4,AGRO_MEDIO,CO,1
NF,GOOGLE_VISION,ES,SEM_GARANTIA,0.352,0,1,0,0.701,OK,4,PJ_EPP,CO,0
LAUDO,GOOGLE_VISION,EN,SEM_GARANTIA,0.512,0,3,0,0.65,OK,4,AGRO_GRANDE,N,0
NF,GOOGLE_VISION,ES,SEM_GARANTIA,0.375,0,2,0,0.748,OK,4,PJ_EPP,SE,1
LAUDO,AZURE_OCR,ES,VEICULO,0.529,0,3,0,0.425,OK,4,AGRO_PEQUENO,SE,0
EXTRATO,AZURE_OCR,EN,SEM_GARANTIA,0.413,0,3,0,0.889,OK,4,AGRO_PEQUENO,NE,0
CONTRATO,AZURE_OCR,ES,SEM_GARANTIA,0.385,0,1,0,0.883,OK,4,AGRO_PEQUENO,NE,0
EXTRATO,AZURE_OCR,ES,CPR,0.682,0,3,0,0.489,OK,4,AGRO_GRANDE,NE,0
EXTRATO,AZURE_OCR,EN,CPR,0.646,0,3,0,0.423,OK,4,AGRO_GRANDE,NE,0
CONTRATO,TESSERACT,EN,CPR,0.357,0,4,0,0.749,OK,4,AGRO_GRANDE,SE,0
CONTRATO,AZURE_OCR,ES,VEICULO,0.767,0,3,0,0.375,OK,4,AGRO_MEDIO,S,0
LAUDO,TESSERACT,EN,SEM_GARANTIA,0.519,1,3,0,0.56,REVIEW,4,PF,S,0
EXTRATO,GOOGLE_VISION,ES,SEM_GARANTIA,0.616,0,4,0,0.713,OK,4,AGRO_PEQUENO,S,0
NF,GOOGLE_VISION,PT,SEM_GARANTIA,0.736,0,5,0,0.45,REVIEW,4,PJ_EPP,CO,0
LAUDO,AZURE_OCR,EN,SEM_GARANTIA,0.48,0,4,0,0.704,OK,4,PJ_ME,S,1
NF,AZURE_OCR,EN,SEM_GARANTIA,0.73,0,1,0,0.341,OK,4,PF,CO,0
CONTRATO,TESSERACT,PT,SEM_GARANTIA,0.312,0,3,0,0.486,OK,4,PF,S,1
CONTRATO,AZURE_OCR,ES,IMOVEL,0.678,0,5,0,0.79,REVIEW,4,AGRO_MEDIO,NE,0
LAUDO,GOOGLE_VISION,EN,VEICULO,0.735,0,4,0,0.432,OK,4,AGRO_GRANDE,N,1
LAUDO,GOOGLE_VISION,ES,SEM_GARANTIA,0.323,0,2,0,0.792,OK,4,PJ_EPP,NE,0
DIVERGENTE,AZURE_OCR,ES,SEM_GARANTIA,0.454,0,3,0,0.711,OK,4,PF,N,0
DIVERGENTE,AZURE_OCR,PT,SEM_GARANTIA,0.805,1,3,0,0.481,REVIEW,4,AGRO_MEDIO,SE,0
DIVERGENTE,AZURE_OCR,ES,MAQUINARIO,0.397,0,2,0,0.364,OK,4,AGRO_PEQUENO,CO,0
LAUDO,TESSERACT,EN,SEM_GARANTIA,0.653,0,3,0,0.736,OK,4,AGRO_PEQUENO,NE,1
CONTRATO,GOOGLE_VISION,ES,VEICULO,0.498,0,5,0,0.703,REVIEW,4,PJ_ME,SE,0
DIVERGENTE,TESSERACT,EN,SEM_GARANTIA,0.381,0,0,0,0.649,OK,4,PJ_ME,N,0
LAUDO,AZURE_OCR,ES,SEM_GARANTIA,0.555,0,3,0,0.789,OK,4,AGRO_GRANDE,CO,0
CONTRATO,GOOGLE_VISION,EN,SEM_GARANTIA,0.633,0,1,1,0.57,OK,4,PJ_EPP,NE,1
DIVERGENTE,AZURE_OCR,EN,SEM_GARANTIA,0.958,0,3,0,0.921,OK,4,PJ_EPP,NE,0
NF,TESSERACT,EN,SEM_GARANTIA,0.584,0,1,0,0.286,OK,4,PJ_ME,SE,0
DIVERGENTE,GOOGLE_VISION,ES,SEM_GARANTIA,0.907,0,1,0,0.406,OK,4,AGRO_GRANDE,N,0
DIVERGENTE,TESSERACT,ES,CPR,0.396,1,3,0,0.888,REVIEW,4,PJ_ME,CO,0
CONTRATO,GOOGLE_VISION,EN,SEM_GARANTIA,0.631,0,2,0,0.398,OK,4,AGRO_MEDIO,N,1
DIVERGENTE,GOOGLE_VISION,ES,SEM_GARANTIA,0.609,0,2,0,0.445,OK,4,PF,SE,0
CONTRATO,AZURE_OCR,ES,SEM_GARANTIA,0.624,1,3,0,0.793,REVIEW,4,PJ_GRANDE,N,1
CONTRATO,TESSERACT,EN,SEM_GARANTIA,0.525,0,4,0,0.649,OK,4,PJ_ME,SE,1
NF,AZURE_OCR,EN,SEM_GARANTIA,0.775,0,3,0,0.896,OK,4,PF,S,0
EXTRATO,AZURE_OCR,ES,VEICULO,0.626,0,5,0,0.636,REVIEW,4,AGRO_MEDIO,N,0
LAUDO,TESSERACT,EN,SEM_GARANTIA,0.369,0,0,0,0.97,OK,4,AGRO_GRANDE,N,0
EXTRATO,AZURE_OCR,ES,IMOVEL,0.41,0,4,0,0.446,OK,4,AGRO_PEQUENO,N,0
LAUDO,TESSERACT,EN,SEM_GARANTIA,0.551,0,4,0,0.881,OK,4,AGRO_MEDIO,S,1
NF,GOOGLE_VISION,EN,SEM_GARANTIA,0.56,0,3,0,0.718,OK,4,AGRO_GRANDE,S,0
LAUDO,TESSERACT,PT,SEM_GARANTIA,0.338,1,0,0,0.49,REVIEW,4,AGRO_PEQUENO,SE,1
CONTRATO,TESSERACT,ES,CPR,0.394,1,5,0,0.712,REVIEW,4,PJ_GRANDE,N,0
DIVERGENTE,GOOGLE_VISION,ES,SEM_GARANTIA,0.794,0,3,0,0.737,OK,4,PJ_ME,N,0
LAUDO,GOOGLE_VISION,ES,SEM_GARANTIA,0.894,0,2,1,0.7,OK,4,PF,SE,0
DIVERGENTE,AZURE_OCR,ES,SEM_GARANTIA,0.658,0,0,0,0.49,OK,4,PJ_ME,NE,0
CONTRATO,AZURE_OCR,EN,VEICULO,0.319,0,1,0,0.381,OK,4,AGRO_PEQUENO,N,0
CONTRATO,TESSERACT,EN,SEM_GARANTIA,0.643,0,1,0,0.464,OK,4,PJ_GRANDE,CO,0
NF,TESSERACT,ES,SEM_GARANTIA,0.63,0,3,0,0.635,OK,4,AGRO_MEDIO,SE,0
DIVERGENTE,AZURE_OCR,EN,IMOVEL,0.771,0,3,0,0.448,OK,4,PJ_GRANDE,SE,0
DIVERGENTE,TESSERACT,ES,SEM_GARANTIA,0.584,0,2,0,0.473,OK,4,PJ_EPP,N,0
EXTRATO,AZURE_OCR,EN,SEM_GARANTIA,0.731,0,3,0,0.732,OK,4,PJ_GRANDE,S,0
NF,TESSERACT,EN,SEM_GARANTIA,0.843,0,4,0,0.872,OK,4,AGRO_MEDIO,N,0
CONTRATO,TESSERACT,EN,CPR,0.693,0,5,0,0.604,REVIEW,4,PF,N,0
LAUDO,TESSERACT,ES,VEICULO,0.565,0,3,0,0.343,OK,4,AGRO_GRANDE,NE,0
CONTRATO,TESSERACT,EN,SEM_GARANTIA,0.68,0,3,0,0.728,OK,4,PJ_ME,CO,0
LAUDO,GOOGLE_VISION,ES,SEM_GARANTIA,0.784,0,3,0,0.907,OK,4,PJ_GRANDE,NE,0
CONTRATO,TESSERACT,ES,SEM_GARANTIA,0.641,0,0,0,0.464,OK,4,PJ_ME,CO,0
CONTRATO,TESSERACT,EN,SEM_GARANTIA,0.35,0,0,0,0.605,OK,4,PJ_ME,CO,0
DIVERGENTE,GOOGLE_VISION,EN,MAQUINARIO,0.177,0,3,0,0.866,OK,4,PF,SE,0
DIVERGENTE,TESSERACT,ES,SEM_GARANTIA,0.816,0,0,0,0.31,OK,4,PJ_ME,CO,0
EXTRATO,TESSERACT,ES,SEM_GARANTIA,0.479,0,2,0,0.413,OK,4,AGRO_MEDIO,N,1
CONTRATO,AZURE_OCR,PT,SEM_GARANTIA,0.664,0,6,0,0.461,REVIEW,4,PJ_EPP,S,0
DIVERGENTE,GOOGLE_VISION,ES,SEM_GARANTIA,0.434,0,4,0,0.776,OK,4,AGRO_MEDIO,N,0
CONTRATO,TESSERACT,EN,SEM_GARANTIA,0.767,1,1,0,0.378,REVIEW,4,PJ_ME,S,0
LAUDO,AZURE_OCR,ES,CPR,0.404,0,5,0,0.646,REVIEW,4,PJ_EPP,N,0
LAUDO,TESSERACT,PT,SEM_GARANTIA,0.697,1,3,1,0.669,REVIEW,4,AGRO_MEDIO,SE,0
CONTRATO,TESSERACT,ES,IMOVEL,0.233,1,3,0,0.735,REVIEW,4,AGRO_MEDIO,NE,0
EXTRATO,TESSERACT,ES,MAQUINARIO,0.926,0,5,0,0.629,REVIEW,4,PF,NE,0
CONTRATO,TESSERACT,ES,SEM_GARANTIA,0.776,0,3,0,0.707,OK,4,AGRO_PEQUENO,NE,0
NF,TESSERACT,ES,SEM_GARANTIA,0.701,0,3,0,0.63,OK,4,PF,N,0
NF,AZURE_OCR,ES,IMOVEL,0.347,0,4,0,0.711,OK,4,PF,NE,0
DIVERGENTE,AZURE_OCR,EN,VEICULO,0.393,0,3,0,0.677,OK,4,PJ_ME,NE,0
EXTRATO,AZURE_OCR,EN,SEM_GARANTIA,0.527,0,4,0,0.872,OK,4,AGRO_GRANDE,S,0
DIVERGENTE,AZURE_OCR,EN,SEM_GARANTIA,0.772,0,4,0,0.749,OK,4,AGRO_MEDIO,SE,0
CONTRATO,AZURE_OCR,EN,VEICULO,0.902,0,3,0,0.391,OK,4,AGRO_MEDIO,N,1
NF,AZURE_OCR,EN,CPR,0.325,0,3,0,0.672,OK,4,PJ_GRANDE,CO,0
DIVERGENTE,AZURE_OCR,EN,IMOVEL,0.738,0,5,0,0.588,REVIEW,4,AGRO_MEDIO,N,0
EXTRATO,AZURE_OCR,EN,SEM_GARANTIA,0.283,1,0,0,0.675,REVIEW,4,AGRO_PEQUENO,N,0
EXTRATO,AZURE_OCR,EN,VEICULO,0.493,0,5,0,0.815,REVIEW,4,AGRO_MEDIO,N,0
LAUDO,GOOGLE_VISION,ES,SEM_GARANTIA,0.595,1,4,0,0.593,REVIEW,4,AGRO_GRANDE,NE,0
DIVERGENTE,AZURE_OCR,EN,SEM_GARANTIA,0.801,0,2,0,0.432,OK,4,PJ_ME,S,0
DIVERGENTE,TESSERACT,PT,MAQUINARIO,0.302,1,4,0,0.319,REVIEW,4,PJ_ME,S,1
EXTRATO,TESSERACT,EN,VEICULO,0.332,0,3,0,0.733,OK,4,PJ_GRANDE,NE,0
EXTRATO,TESSERACT,EN,IMOVEL,0.374,0,3,0,0.881,OK,4,AGRO_GRANDE,N,0
LAUDO,AZURE_OCR,PT,SEM_GARANTIA,0.405,1,6,0,0.243,REVIEW,4,PJ_ME,NE,0
CONTRATO,AZURE_OCR,EN,SEM_GARANTIA,0.892,1,1,0,0.497,REVIEW,4,AGRO_PEQUENO,SE,0
CONTRATO,TESSERACT,EN,SEM_GARANTIA,0.616,0,0,0,0.474,OK,4,AGRO_GRANDE,N,0
CONTRATO,TESSERACT,EN,SEM_GARANTIA,0.429,0,2,0,0.457,OK,4,AGRO_PEQUENO,SE,0
EXTRATO,GOOGLE_VISION,EN,SEM_GARANTIA,0.775,0,3,0,0.77,OK,4,PJ_EPP,SE,0
CONTRATO,TESSERACT,EN,SEM_GARANTIA,0.727,0,1,0,0.372,OK,4,AGRO_PEQUENO,NE,0
DIVERGENTE,AZURE_OCR,ES,SEM_GARANTIA,0.488,0,4,0,0.753,OK,4,AGRO_PEQUENO,N,0
NF,TESSERACT,EN,CPR,0.51,0,5,0,0.566,REVIEW,4,AGRO_GRANDE,SE,1
DIVERGENTE,TESSERACT,EN,SEM_GARANTIA,0.726,0,3,0,0.932,OK,4,PJ_ME,SE,0
EXTRATO,AZURE_OCR,ES,MAQUINARIO,0.69,0,3,0,0.499,OK,4,AGRO_MEDIO,N,1
DIVERGENTE,TESSERACT,ES,SEM_GARANTIA,0.644,0,2,0,0.448,OK,4,PJ_EPP,CO,0
EXTRATO,GOOGLE_VISION,EN,SEM_GARANTIA,0.51,0,3,0,0.7144999999999999,OK,4,AGRO_GRANDE,NE,0
CONTRATO,AZURE_OCR,EN,SEM_GARANTIA,0.365,0,2,0,0.837,OK,4,PJ_ME,SE,1
LAUDO,AZURE_OCR,ES,SEM_GARANTIA,0.449,0,1,0,0.489,OK,4,PF,NE,0
NF,GOOGLE_VISION,ES,CPR,0.486,0,3,0,0.442,OK,4,AGRO_PEQUENO,NE,0
EXTRATO,GOOGLE_VISION,ES,CPR,0.743,0,3,0,0.493,OK,4,AGRO_GRANDE,N,0
EXTRATO,TESSERACT,ES,MAQUINARIO,0.488,0,5,0,0.624,REVIEW,4,PF,S,0
NF,GOOGLE_VISION,ES,SEM_GARANTIA,0.667,0,4,0,0.812,OK,4,AGRO_PEQUENO,SE,0
EXTRATO,GOOGLE_VISION,EN,VEICULO,0.338,0,3,0,0.824,OK,4,PJ_GRANDE,NE,0
DIVERGENTE,GOOGLE_VISION,ES,SEM_GARANTIA,0.486,0,1,0,0.437,OK,4,AGRO_GRANDE,NE,1
CONTRATO,GOOGLE_VISION,ES,SEM_GARANTIA,0.376,0,0,0,0.571,OK,4,AGRO_MEDIO,N,0
LAUDO,GOOGLE_VISION,ES,SEM_GARANTIA,0.615,0,1,0,0.488,OK,4,PF,N,0
EXTRATO,GOOGLE_VISION,PT,SEM_GARANTIA,0.652,1,4,0,0.391,REVIEW,4,PJ_EPP,N,0
EXTRATO,GOOGLE_VISION,EN,VEICULO,0.632,0,4,1,0.712,OK,4,AGRO_PEQUENO,NE,0
EXTRATO,AZURE_OCR,PT,SEM_GARANTIA,0.708,0,7,0,0.488,REVIEW,4,AGRO_GRANDE,NE,0
NF,GOOGLE_VISION,PT,SEM_GARANTIA,0.211,1,3,0,0.772,REVIEW,4,PF,N,0
CONTRATO,GOOGLE_VISION,ES,MAQUINARIO,0.302,0,0,0,0.468,OK,4,PJ_GRANDE,CO,0
DIVERGENTE,GOOGLE_VISION,PT,SEM_GARANTIA,0.758,1,3,0,0.476,REVIEW,4,AGRO_GRANDE,NE,0
NF,TESSERACT,PT,SEM_GARANTIA,0.651,0,5,0,0.463,REVIEW,4,AGRO_PEQUENO,NE,1
CONTRATO,AZURE_OCR,ES,SEM_GARANTIA,0.715,0,4,0,0.647,OK,4,PJ_ME,CO,0
DIVERGENTE,TESSERACT,ES,SEM_GARANTIA,0.626,0,3,0,0.712,OK,4,AGRO_MEDIO,NE,0
LAUDO,TESSERACT,EN,SEM_GARANTIA,0.559,0,1,0,0.428,OK,4,AGRO_MEDIO,S,0
EXTRATO,GOOGLE_VISION,EN,SEM_GARANTIA,0.786,0,3,0,0.7144999999999999,OK,4,AGRO_MEDIO,N,0
EXTRATO,GOOGLE_VISION,EN,SEM_GARANTIA,0.686,0,4,0,0.769,OK,4,PJ_EPP,NE,1
DIVERGENTE,GOOGLE_VISION,EN,SEM_GARANTIA,0.83,0,3,0,0.623,OK,4,AGRO_GRANDE,CO,0
NF,TESSERACT,EN,SEM_GARANTIA,0.675,0,3,0,0.596,OK,4,AGRO_MEDIO,CO,1
NF,TESSERACT,EN,SEM_GARANTIA,0.562,0,2,0,0.252,OK,4,PJ_ME,N,1
DIVERGENTE,AZURE_OCR,EN,MAQUINARIO,0.196,0,0,1,0.842,OK,4,PJ_GRANDE,NE,1
NF,TESSERACT,ES,SEM_GARANTIA,0.93,1,4,0,0.582,REVIEW,4,AGRO_MEDIO,NE,0
CONTRATO,GOOGLE_VISION,EN,SEM_GARANTIA,0.639,0,3,0,0.7144999999999999,OK,4,PJ_ME,N,0
NF,TESSERACT,ES,CPR,0.365,0,3,0,0.882,OK,4,PF,CO,0
CONTRATO,GOOGLE_VISION,PT,SEM_GARANTIA,0.838,1,4,0,0.399,REVIEW,4,PJ_GRANDE,N,1
EXTRATO,AZURE_OCR,ES,SEM_GARANTIA,0.87,0,3,0,0.711,OK,4,AGRO_GRANDE,SE,0
DIVERGENTE,GOOGLE_VISION,ES,SEM_GARANTIA,0.729,0,4,0,0.819,OK,4,AGRO_PEQUENO,NE,1
CONTRATO,AZURE_OCR,EN,SEM_GARANTIA,0.906,0,3,0,0.646,OK,4,AGRO_MEDIO,NE,0
DIVERGENTE,AZURE_OCR,ES,SEM_GARANTIA,0.763,0,3,0,0.608,OK,4,PF,N,0
NF,TESSERACT,EN,SEM_GARANTIA,0.841,0,3,0,0.69,OK,4,AGRO_MEDIO,CO,0
EXTRATO,GOOGLE_VISION,EN,SEM_GARANTIA,0.725,0,3,0,0.826,OK,4,PJ_EPP,N,1
EXTRATO,AZURE_OCR,ES,SEM_GARANTIA,0.597,0,3,0,0.564,OK,4,PJ_ME,NE,0
EXTRATO,GOOGLE_VISION,EN,SEM_GARANTIA,0.656,0,3,0,0.546,OK,4,PJ_ME,N,0
NF,GOOGLE_VISION,ES,SEM_GARANTIA,0.718,0,3,0,0.854,OK,4,AGRO_PEQUENO,SE,1
CONTRATO,TESSERACT,EN,IMOVEL,0.486,0,5,0,0.787,REVIEW,4,AGRO_GRANDE,N,0
LAUDO,TESSERACT,EN,SEM_GARANTIA,0.641,0,2,0,0.467,OK,4,AGRO_GRANDE,SE,1
DIVERGENTE,GOOGLE_VISION,EN,SEM_GARANTIA,0.84,0,1,0,0.32,OK,4,PF,SE,0
LAUDO,TESSERACT,ES,SEM_GARANTIA,0.561,0,1,1,0.853,OK,4,AGRO_PEQUENO,S,0
NF,AZURE_OCR,EN,CPR,0.61,0,3,0,0.446,OK,4,PJ_ME,S,0
NF,TESSERACT,EN,SEM_GARANTIA,0.234,0,1,0,0.838,OK,4,AGRO_MEDIO,SE,0
NF,GOOGLE_VISION,EN,SEM_GARANTIA,0.791,0,3,0,0.907,OK,4,PJ_GRANDE,N,1
EXTRATO,AZURE_OCR,ES,IMOVEL,0.389,0,4,0,0.891,OK,4,PF,N,0
EXTRATO,TESSERACT,ES,SEM_GARANTIA,0.707,0,4,0,0.748,OK,4,AGRO_PEQUENO,SE,1
CONTRATO,GOOGLE_VISION,EN,SEM_GARANTIA,0.807,0,3,0,0.642,OK,4,PJ_ME,CO,0
NF,AZURE_OCR,ES,SEM_GARANTIA,0.783,0,4,0,0.902,OK,4,AGRO_GRANDE,N,0
NF,GOOGLE_VISION,ES,SEM_GARANTIA,0.926,0,3,0,0.694,OK,4,PJ_ME,NE,0
DIVERGENTE,TESSERACT,EN,CPR,0.675,0,5,0,0.81,REVIEW,4,AGRO_GRANDE,NE,0
EXTRATO,GOOGLE_VISION,ES,SEM_GARANTIA,0.874,0,3,0,0.7144999999999999,OK,4,PJ_GRANDE,NE,0
NF,TESSERACT,EN,SEM_GARANTIA,0.498,0,3,0,0.912,OK,4,PJ_GRANDE,N,0
DIVERGENTE,AZURE_OCR,EN,MAQUINARIO,0.682,0,4,0,0.456,OK,4,AGRO_MEDIO,N,0
CONTRATO,TESSERACT,ES,SEM_GARANTIA,0.645,0,3,0,0.883,OK,4,AGRO_GRANDE,S,0
DIVERGENTE,AZURE_OCR,ES,CPR,0.359,1,3,0,0.579,REVIEW,4,AGRO_MEDIO,N,0
DIVERGENTE,GOOGLE_VISION,EN,SEM_GARANTIA,0.841,0,3,0,0.739,OK,4,PJ_GRANDE,N,0
LAUDO,AZURE_OCR,EN,SEM_GARANTIA,0.884,1,3,0,0.861,REVIEW,4,AGRO_GRANDE,NE,1
DIVERGENTE,GOOGLE_VISION,EN,CPR,0.544,0,4,0,0.352,OK,4,AGRO_GRANDE,N,1
EXTRATO,GOOGLE_VISION,EN,SEM_GARANTIA,0.496,0,4,0,0.573,OK,4,AGRO_PEQUENO,S,0
LAUDO,AZURE_OCR,EN,SEM_GARANTIA,0.554,0,3,0,0.794,OK,4,AGRO_MEDIO,SE,0
CONTRATO,TESSERACT,ES,SEM_GARANTIA,0.618,0,3,0,0.71,OK,4,AGRO_PEQUENO,NE,0
NF,AZURE_OCR,ES,CPR,0.337,1,1,0,0.421,REVIEW,4,PF,SE,1
EXTRATO,TESSERACT,EN,SEM_GARANTIA,0.778,0,4,0,0.883,OK,4,PJ_EPP,CO,1
EXTRATO,GOOGLE_VISION,ES,SEM_GARANTIA,0.637,0,3,0,0.917,OK,4,PJ_EPP,N,0
DIVERGENTE,GOOGLE_VISION,ES,SEM_GARANTIA,0.671,0,3,0,0.747,OK,4,PJ_ME,NE,0
DIVERGENTE,TESSERACT,EN,SEM_GARANTIA,0.471,0,3,0,0.589,OK,4,PF,SE,0
EXTRATO,GOOGLE_VISION,EN,SEM_GARANTIA,0.393,0,1,0,0.799,OK,4,PJ_GRANDE,SE,0
EXTRATO,TESSERACT,EN,SEM_GARANTIA,0.696,0,4,0,0.83,OK,4,AGRO_PEQUENO,N,0
EXTRATO,AZURE_OCR,EN,SEM_GARANTIA,0.811,0,4,0,0.836,OK,4,PJ_GRANDE,NE,0
LAUDO,TESSERACT,ES,SEM_GARANTIA,0.718,0,0,0,0.45,OK,4,PF,N,0
NF,AZURE_OCR,ES,SEM_GARANTIA,0.565,0,2,0,0.443,OK,4,PJ_GRANDE,NE,0
CONTRATO,GOOGLE_VISION,EN,SEM_GARANTIA,0.774,0,3,0,0.758,OK,4,AGRO_GRANDE,NE,0
DIVERGENTE,AZURE_OCR,EN,VEICULO,0.648,0,5,0,0.878,REVIEW,4,PF,N,0
DIVERGENTE,AZURE_OCR,EN,MAQUINARIO,0.567,1,3,0,0.413,REVIEW,4,AGRO_PEQUENO,CO,0
NF,TESSERACT,ES,VEICULO,0.478,0,3,0,0.331,OK,4,AGRO_MEDIO,N,0
CONTRATO,TESSERACT,ES,SEM_GARANTIA,0.666,0,3,0,0.951,OK,4,PF,SE,1
CONTRATO,AZURE_OCR,PT,SEM_GARANTIA,0.628,0,5,0,0.41,REVIEW,4,PF,S,0
EXTRATO,GOOGLE_VISION,EN,CPR,0.789,0,5,0,0.845,REVIEW,4,AGRO_PEQUENO,S,0
LAUDO,GOOGLE_VISION,ES,VEICULO,0.59,0,5,0,0.815,REVIEW,4,AGRO_GRANDE,CO,0
LAUDO,TESSERACT,ES,SEM_GARANTIA,0.735,0,2,0,0.443,OK,4,PF,CO,0
DIVERGENTE,TESSERACT,EN,IMOVEL,0.58,0,5,0,0.675,REVIEW,4,PJ_EPP,N,0
NF,GOOGLE_VISION,ES,SEM_GARANTIA,0.34,0,2,0,0.637,OK,4,PJ_EPP,NE,0
CONTRATO,AZURE_OCR,EN,SEM_GARANTIA,0.825,0,3,0,0.798,OK,4,PJ_GRANDE,SE,1
LAUDO,GOOGLE_VISION,EN,CPR,0.773,1,3,0,0.416,REVIEW,4,AGRO_GRANDE,NE,0
NF,TESSERACT,EN,VEICULO,0.766,0,7,0,0.937,REVIEW,4,AGRO_GRANDE,NE,0
NF,GOOGLE_VISION,ES,MAQUINARIO,0.616,0,4,0,0.34,OK,4,AGRO_GRANDE,NE,0
DIVERGENTE,TESSERACT,EN,SEM_GARANTIA,0.746,1,2,0,0.463,REVIEW,4,PJ_ME,N,0
CONTRATO,GOOGLE_VISION,EN,SEM_GARANTIA,0.875,0,3,0,0.54,OK,4,AGRO_PEQUENO,SE,0
NF,TESSERACT,ES,SEM_GARANTIA,0.736,1,3,0,0.758,REVIEW,4,AGRO_PEQUENO,N,0
EXTRATO,TESSERACT,EN,SEM_GARANTIA,0.609,0,3,0,0.517,OK,4,PJ_ME,NE,0
LAUDO,GOOGLE_VISION,EN,MAQUINARIO,0.292,0,3,0,0.768,OK,4,AGRO_MEDIO,SE,0
EXTRATO,GOOGLE_VISION,ES,SEM_GARANTIA,0.748,0,2,0,0.433,OK,4,PJ_ME,NE,0
CONTRATO,TESSERACT,ES,VEICULO,0.798,0,3,0,0.402,OK,4,PJ_GRANDE,SE,0
EXTRATO,TESSERACT,ES,IMOVEL,0.29,0,3,0,0.794,OK,4,PJ_ME,N,0
CONTRATO,AZURE_OCR,ES,SEM_GARANTIA,0.751,0,1,0,0.446,OK,4,AGRO_GRANDE,NE,0
EXTRATO,AZURE_OCR,EN,MAQUINARIO,0.916,0,5,0,0.66,REVIEW,4,PF,CO,0
NF,GOOGLE_VISION,EN,SEM_GARANTIA,0.809,0,1,0,0.497,OK,4,AGRO_MEDIO,NE,0
DIVERGENTE,TESSERACT,ES,SEM_GARANTIA,0.322,0,0,0,0.646,OK,4,PJ_ME,NE,0
EXTRATO,AZURE_OCR,ES,SEM_GARANTIA,0.594,0,0,0,0.46,OK,4,PF,N,0
NF,TESSERACT,EN,IMOVEL,0.397,0,4,0,0.951,OK,4,AGRO_PEQUENO,SE,0
EXTRATO,GOOGLE_VISION,EN,SEM_GARANTIA,0.709,0,0,1,0.926,OK,4,AGRO_MEDIO,SE,0
NF,TESSERACT,EN,SEM_GARANTIA,0.804,0,4,0,0.742,OK,4,AGRO_GRANDE,NE,0
NF,TESSERACT,EN,CPR,0.695,0,4,0,0.476,OK,4,AGRO_MEDIO,SE,0
DIVERGENTE,AZURE_OCR,EN,VEICULO,0.473,1,4,0,0.491,REVIEW,4,PJ_GRANDE,NE,0
DIVERGENTE,TESSERACT,ES,MAQUINARIO,0.442,0,3,0,0.416,OK,4,AGRO_PEQUENO,N,0
LAUDO,GOOGLE_VISION,ES,SEM_GARANTIA,0.656,0,1,0,0.464,OK,4,PJ_GRANDE,NE,0
NF,GOOGLE_VISION,ES,VEICULO,0.724,0,4,0,0.463,OK,4,PJ_GRANDE,NE,0
LAUDO,GOOGLE_VISION,EN,SEM_GARANTIA,0.728,0,3,0,0.901,OK,4,PJ_ME,NE,0
EXTRATO,AZURE_OCR,EN,SEM_GARANTIA,0.601,1,0,0,0.467,REVIEW,4,PJ_EPP,N,0
DIVERGENTE,GOOGLE_VISION,EN,VEICULO,0.368,0,3,0,0.735,OK,4,AGRO_MEDIO,CO,0
EXTRATO,TESSERACT,EN,MAQUINARIO,0.75,0,4,0,0.315,OK,4,PF,N,1
EXTRATO,GOOGLE_VISION,ES,SEM_GARANTIA,0.719,0,3,0,0.81,OK,4,PJ_EPP,S,0
EXTRATO,TESSERACT,ES,SEM_GARANTIA,0.59,0,3,0,0.627,OK,4,PJ_EPP,NE,0
NF,GOOGLE_VISION,EN,SEM_GARANTIA,0.721,0,3,0,0.874,OK,4,PJ_EPP,N,0
EXTRATO,GOOGLE_VISION,EN,IMOVEL,0.5,0,5,0,0.548,REVIEW,4,AGRO_GRANDE,NE,0
DIVERGENTE,GOOGLE_VISION,ES,IMOVEL,0.731,0,3,0,0.498,OK,4,AGRO_GRANDE,CO,0
CONTRATO,AZURE_OCR,EN,SEM_GARANTIA,0.613,0,3,0,0.685,OK,4,AGRO_MEDIO,NE,0
EXTRATO,TESSERACT,EN,CPR,0.932,0,5,0,0.663,REVIEW,4,AGRO_GRANDE,NE,0
LAUDO,GOOGLE_VISION,ES,SEM_GARANTIA,0.461,0,3,0,0.604,OK,4,PF,N,0
CONTRATO,GOOGLE_VISION,PT,SEM_GARANTIA,0.676,1,4,0,0.353,REVIEW,4,AGRO_GRANDE,S,0
NF,AZURE_OCR,ES,MAQUINARIO,0.831,0,5,0,0.618,REVIEW,4,PJ_GRANDE,N,1
CONTRATO,AZURE_OCR,ES,SEM_GARANTIA,0.614,0,1,0,0.431,OK,4,AGRO_GRANDE,NE,1
NF,AZURE_OCR,EN,SEM_GARANTIA,0.479,0,1,0,0.475,OK,4,AGRO_GRANDE,N,0
EXTRATO,TESSERACT,ES,SEM_GARANTIA,0.753,0,3,0,0.835,OK,4,AGRO_MEDIO,N,0
DIVERGENTE,TESSERACT,ES,SEM_GARANTIA,0.816,0,3,0,0.672,OK,4,PJ_ME,N,0
DIVERGENTE,GOOGLE_VISION,ES,SEM_GARANTIA,0.683,1,1,0,0.444,REVIEW,4,PF,N,0
DIVERGENTE,GOOGLE_VISION,ES,VEICULO,0.307,0,3,0,0.783,OK,4,PJ_GRANDE,SE,0
DIVERGENTE,GOOGLE_VISION,ES,SEM_GARANTIA,0.713,0,3,0,0.934,OK,4,PJ_GRANDE,N,0
NF,AZURE_OCR,ES,VEICULO,0.867,1,3,0,0.397,REVIEW,4,PF,NE,0
LAUDO,AZURE_OCR,EN,MAQUINARIO,0.385,1,3,0,0.769,REVIEW,4,AGRO_MEDIO,CO,0
DIVERGENTE,GOOGLE_VISION,ES,SEM_GARANTIA,0.688,1,1,0,0.339,REVIEW,4,AGRO_GRANDE,NE,0
DIVERGENTE,TESSERACT,EN,SEM_GARANTIA,0.816,0,3,0,0.712,OK,4,PJ_GRANDE,CO,1
NF,GOOGLE_VISION,ES,SEM_GARANTIA,0.79,0,1,0,0.488,OK,4,PJ_GRANDE,NE,0
NF,GOOGLE_VISION,EN,SEM_GARANTIA,0.477,0,3,0,0.557,OK,4,AGRO_GRANDE,S,0
EXTRATO,AZURE_OCR,EN,SEM_GARANTIA,0.277,0,2,0,0.63,OK,4,AGRO_GRANDE,N,0
DIVERGENTE,GOOGLE_VISION,ES,SEM_GARANTIA,0.73,0,4,0,0.544,OK,4,PJ_GRANDE,N,0
CONTRATO,AZURE_OCR,EN,SEM_GARANTIA,0.41,1,3,0,0.825,REVIEW,4,AGRO_GRANDE,NE,1
EXTRATO,AZURE_OCR,ES,VEICULO,0.638,0,3,0,0.461,OK,4,PJ_EPP,SE,0
EXTRATO,GOOGLE_VISION,ES,MAQUINARIO,0.782,0,5,0,0.841,REVIEW,4,PF,N,0
CONTRATO,GOOGLE_VISION,EN,SEM_GARANTIA,0.403,0,1,1,0.574,OK,4,PJ_ME,CO,0
NF,AZURE_OCR,ES,IMOVEL,0.768,0,6,0,0.672,REVIEW,4,PJ_GRANDE,S,0
DIVERGENTE,AZURE_OCR,ES,SEM_GARANTIA,0.947,0,2,0,0.405,OK,4,PJ_GRANDE,NE,0
NF,TESSERACT,ES,MAQUINARIO,0.501,1,3,0,0.411,REVIEW,4,AGRO_GRANDE,S,0
NF,TESSERACT,ES,SEM_GARANTIA,0.82,0,1,0,0.463,OK,4,AGRO_GRANDE,N,0
EXTRATO,TESSERACT,EN,IMOVEL,0.576,0,5,0,0.712,REVIEW,4,AGRO_GRANDE,N,0
LAUDO,AZURE_OCR,ES,SEM_GARANTIA,0.559,0,3,0,0.813,OK,4,PF,SE,0
EXTRATO,TESSERACT,ES,VEICULO,0.869,0,5,0,0.727,REVIEW,4,PJ_EPP,N,0
LAUDO,GOOGLE_VISION,EN,SEM_GARANTIA,0.822,0,3,0,0.684,OK,4,AGRO_GRANDE,SE,0
LAUDO,AZURE_OCR,EN,SEM_GARANTIA,0.877,0,0,0,0.348,OK,4,PJ_GRANDE,N,0
EXTRATO,GOOGLE_VISION,ES,SEM_GARANTIA,0.569,0,3,0,0.559,OK,4,PJ_EPP,NE,0
EXTRATO,GOOGLE_VISION,EN,SEM_GARANTIA,0.784,1,2,0,0.371,REVIEW,4,AGRO_PEQUENO,NE,0
LAUDO,AZURE_OCR,EN,MAQUINARIO,0.829,0,3,0,0.498,OK,4,PF,N,0
CONTRATO,GOOGLE_VISION,ES,SEM_GARANTIA,0.577,0,3,0,0.796,OK,4,PJ_GRANDE,NE,0
CONTRATO,GOOGLE_VISION,EN,IMOVEL,0.387,0,4,0,0.7144999999999999,OK,4,AGRO_GRANDE,CO,0
CONTRATO,TESSERACT,ES,IMOVEL,0.217,0,2,0,0.426,OK,4,PJ_GRANDE,NE,0
CONTRATO,GOOGLE_VISION,EN,SEM_GARANTIA,0.694,0,3,0,0.7144999999999999,OK,4,AGRO_MEDIO,NE,0
LAUDO,TESSERACT,EN,SEM_GARANTIA,0.717,0,3,0,0.693,OK,4,AGRO_GRANDE,SE,0
NF,TESSERACT,ES,SEM_GARANTIA,0.698,0,3,0,0.59,OK,4,PF,NE,0
EXTRATO,AZURE_OCR,EN,SEM_GARANTIA,0.865,0,3,0,0.798,OK,4,AGRO_PEQUENO,S,0
NF,TESSERACT,ES,MAQUINARIO,0.869,0,6,0,0.835,REVIEW,4,AGRO_MEDIO,NE,0
CONTRATO,GOOGLE_VISION,ES,MAQUINARIO,0.613,0,3,0,0.48,OK,4,PF,NE,0
LAUDO,TESSERACT,ES,VEICULO,0.808,0,4,0,0.39,OK,4,PJ_EPP,SE,0
LAUDO,TESSERACT,EN,IMOVEL,0.696,1,3,0,0.47,REVIEW,4,PJ_ME,NE,0
CONTRATO,AZURE_OCR,EN,VEICULO,0.378,0,3,0,0.842,OK,4,PJ_EPP,NE,1
DIVERGENTE,GOOGLE_VISION,EN,VEICULO,0.769,0,6,0,0.712,REVIEW,4,PJ_GRANDE,NE,0
CONTRATO,TESSERACT,EN,SEM_GARANTIA,0.496,0,4,0,0.565,OK,4,AGRO_PEQUENO,NE,0
EXTRATO,GOOGLE_VISION,EN,CPR,0.876,0,5,0,0.7144999999999999,REVIEW,4,PJ_ME,CO,0
LAUDO,AZURE_OCR,EN,SEM_GARANTIA,0.66,0,3,0,0.726,OK,4,AGRO_MEDIO,S,1
LAUDO,AZURE_OCR,ES,SEM_GARANTIA,0.317,0,2,0,0.652,OK,4,PJ_GRANDE,SE,0
CONTRATO,TESSERACT,ES,MAQUINARIO,0.564,0,3,1,0.581,OK,4,PJ_ME,NE,0
CONTRATO,GOOGLE_VISION,ES,CPR,0.609,0,4,0,0.482,OK,4,PJ_GRANDE,N,0
DIVERGENTE,AZURE_OCR,EN,VEICULO,0.383,0,3,0,0.512,OK,4,PF,CO,0
LAUDO,GOOGLE_VISION,EN,SEM_GARANTIA,0.959,0,4,0,0.758,OK,4,AGRO_PEQUENO,S,0
CONTRATO,GOOGLE_VISION,PT,SEM_GARANTIA,0.322,1,3,0,0.653,REVIEW,4,PF,CO,0
LAUDO,GOOGLE_VISION,ES,SEM_GARANTIA,0.263,0,1,0,0.712,OK,4,AGRO_GRANDE,NE,1
DIVERGENTE,TESSERACT,ES,IMOVEL,0.202,0,3,0,0.712,OK,4,AGRO_PEQUENO,SE,0
EXTRATO,AZURE_OCR,ES,VEICULO,0.372,0,3,0,0.664,OK,4,PJ_GRANDE,N,0
CONTRATO,AZURE_OCR,ES,VEICULO,0.371,1,3,0,0.894,REVIEW,4,PJ_GRANDE,CO,0
LAUDO,TESSERACT,ES,MAQUINARIO,0.354,0,4,0,0.786,OK,4,PJ_EPP,NE,0
NF,GOOGLE_VISION,EN,SEM_GARANTIA,0.746,0,4,0,0.528,OK,4,PF,NE,0
LAUDO,AZURE_OCR,ES,CPR,0.726,0,3,0,0.476,OK,4,AGRO_PEQUENO,N,1
LAUDO,GOOGLE_VISION,ES,MAQUINARIO,0.524,1,3,0,0.317,REVIEW,4,PJ_ME,SE,1
CONTRATO,AZURE_OCR,ES,SEM_GARANTIA,0.599,0,0,0,0.404,OK,4,PJ_EPP,CO,0
LAUDO,TESSERACT,ES,SEM_GARANTIA,0.456,0,3,0,0.625,OK,4,PF,N,0
CONTRATO,AZURE_OCR,EN,SEM_GARANTIA,0.357,0,1,0,0.508,OK,4,AGRO_GRANDE,NE,0
CONTRATO,AZURE_OCR,EN,SEM_GARANTIA,0.382,0,1,0,0.581,OK,4,PJ_ME,N,0
DIVERGENTE,GOOGLE_VISION,EN,SEM_GARANTIA,0.574,0,3,0,0.647,OK,4,PJ_EPP,S,0
LAUDO,GOOGLE_VISION,EN,SEM_GARANTIA,0.903,1,3,0,0.715,REVIEW,4,AGRO_GRANDE,NE,0
DIVERGENTE,TESSERACT,EN,SEM_GARANTIA,0.864,0,3,0,0.773,OK,4,PJ_GRANDE,CO,0
CONTRATO,TESSERACT,ES,SEM_GARANTIA,0.807,0,3,0,0.751,OK,4,AGRO_MEDIO,S,0
DIVERGENTE,AZURE_OCR,ES,SEM_GARANTIA,0.626,1,4,0,0.924,REVIEW,4,AGRO_GRANDE,N,0
LAUDO,AZURE_OCR,ES,SEM_GARANTIA,0.543,0,3,0,0.829,OK,4,AGRO_MEDIO,S,0
DIVERGENTE,TESSERACT,ES,IMOVEL,0.759,0,6,0,0.804,REVIEW,4,PJ_EPP,SE,0
LAUDO,TESSERACT,ES,SEM_GARANTIA,0.711,0,3,0,0.73,OK,4,AGRO_MEDIO,CO,0
NF,AZURE_OCR,ES,SEM_GARANTIA,0.621,0,3,0,0.782,OK,4,AGRO_MEDIO,NE,0
NF,TESSERACT,EN,SEM_GARANTIA,0.711,0,2,0,0.491,OK,4,AGRO_MEDIO,NE,0
CONTRATO,TESSERACT,EN,CPR,0.535,0,5,0,0.672,REVIEW,4,AGRO_MEDIO,S,0
LAUDO,AZURE_OCR,ES,CPR,0.665,0,5,0,0.707,REVIEW,4,PJ_EPP,CO,1
LAUDO,GOOGLE_VISION,ES,SEM_GARANTIA,0.264,0,0,0,0.561,OK,4,PJ_EPP,N,0
DIVERGENTE,GOOGLE_VISION,PT,SEM_GARANTIA,0.348,1,3,0,0.702,REVIEW,4,PF,N,0
DIVERGENTE,GOOGLE_VISION,ES,SEM_GARANTIA,0.591,1,1,0,0.422,REVIEW,4,AGRO_MEDIO,N,0
CONTRATO,AZURE_OCR,EN,MAQUINARIO,0.595,0,5,0,0.837,REVIEW,4,PJ_ME,NE,0
NF,AZURE_OCR,ES,SEM_GARANTIA,0.763,0,3,0,0.515,OK,4,AGRO_PEQUENO,SE,0
NF,TESSERACT,EN,VEICULO,0.366,1,0,0,0.499,REVIEW,4,AGRO_GRANDE,N,0
LAUDO,AZURE_OCR,EN,VEICULO,0.438,0,3,0,0.492,OK,4,PJ_EPP,NE,1
EXTRATO,TESSERACT,ES,SEM_GARANTIA,0.729,0,4,0,0.735,OK,4,PJ_EPP,NE,0
DIVERGENTE,AZURE_OCR,EN,SEM_GARANTIA,0.653,0,3,0,0.665,OK,4,AGRO_GRANDE,NE,0
EXTRATO,TESSERACT,ES,IMOVEL,0.509,0,3,0,0.377,OK,4,PJ_ME,SE,0
CONTRATO,TESSERACT,ES,MAQUINARIO,0.91,0,3,0,0.427,OK,4,AGRO_PEQUENO,NE,0
DIVERGENTE,TESSERACT,EN,IMOVEL,0.458,0,5,0,0.565,REVIEW,4,PJ_EPP,N,0
CONTRATO,AZURE_OCR,EN,SEM_GARANTIA,0.642,0,3,0,0.774,OK,4,PF,N,0
DIVERGENTE,GOOGLE_VISION,EN,MAQUINARIO,0.927,0,4,0,0.309,OK,4,PJ_ME,NE,0
LAUDO,GOOGLE_VISION,EN,IMOVEL,0.854,0,5,0,0.779,REVIEW,4,AGRO_MEDIO,N,0
LAUDO,TESSERACT,EN,IMOVEL,0.217,0,3,0,0.526,OK,4,AGRO_GRANDE,SE,0
DIVERGENTE,TESSERACT,EN,SEM_GARANTIA,0.436,0,4,0,0.913,OK,4,AGRO_GRANDE,S,0
CONTRATO,AZURE_OCR,ES,VEICULO,0.418,0,5,0,0.612,REVIEW,4,AGRO_PEQUENO,N,0
NF,AZURE_OCR,EN,SEM_GARANTIA,0.372,0,1,0,0.79,OK,4,PJ_ME,NE,0
CONTRATO,TESSERACT,EN,SEM_GARANTIA,0.33,0,1,0,0.539,OK,4,PJ_GRANDE,CO,0
EXTRATO,TESSERACT,ES,SEM_GARANTIA,0.898,0,1,0,0.267,OK,4,PF,NE,0
EXTRATO,AZURE_OCR,EN,VEICULO,0.788,0,5,0,0.871,REVIEW,4,PJ_GRANDE,S,0
LAUDO,AZURE_OCR,ES,IMOVEL,0.729,0,6,0,0.831,REVIEW,4,PF,N,1
EXTRATO,GOOGLE_VISION,EN,IMOVEL,0.723,0,5,0,0.573,REVIEW,4,AGRO_GRANDE,CO,0
NF,TESSERACT,ES,MAQUINARIO,0.293,0,2,0,0.481,OK,4,PF,CO,0
EXTRATO,GOOGLE_VISION,EN,SEM_GARANTIA,0.782,0,3,0,0.806,OK,4,AGRO_PEQUENO,N,0
NF,TESSERACT,PT,SEM_GARANTIA,0.457,0,5,1,0.815,REVIEW,4,AGRO_MEDIO,S,0
DIVERGENTE,TESSERACT,EN,IMOVEL,0.837,0,5,0,0.712,REVIEW,4,PJ_ME,CO,0
CONTRATO,TESSERACT,ES,SEM_GARANTIA,0.646,0,3,0,0.57,OK,4,AGRO_PEQUENO,N,1
DIVERGENTE,TESSERACT,EN,SEM_GARANTIA,0.572,0,4,0,0.645,OK,4,PJ_ME,NE,0
DIVERGENTE,GOOGLE_VISION,PT,SEM_GARANTIA,0.879,0,5,0,0.378,REVIEW,4,AGRO_GRANDE,NE,0
EXTRATO,GOOGLE_VISION,ES,CPR,0.664,0,3,0,0.439,OK,4,AGRO_GRANDE,SE,0
NF,GOOGLE_VISION,ES,SEM_GARANTIA,0.73,0,4,0,0.771,OK,4,PJ_GRANDE,CO,0
CONTRATO,TESSERACT,ES,SEM_GARANTIA,0.725,0,3,0,0.908,OK,4,PJ_GRANDE,N,0
DIVERGENTE,TESSERACT,ES,MAQUINARIO,0.321,0,0,0,0.466,OK,4,AGRO_MEDIO,NE,1
CONTRATO,GOOGLE_VISION,EN,SEM_GARANTIA,0.684,0,0,0,0.429,OK,4,AGRO_MEDIO,NE,0
DIVERGENTE,GOOGLE_VISION,EN,CPR,0.613,0,5,0,0.747,REVIEW,4,PJ_ME,NE,0
DIVERGENTE,AZURE_OCR,EN,IMOVEL,0.815,0,5,0,0.612,REVIEW,4,PJ_ME,CO,0
CONTRATO,GOOGLE_VISION,ES,SEM_GARANTIA,0.91,0,1,0,0.346,OK,4,AGRO_GRANDE,NE,0
LAUDO,TESSERACT,ES,SEM_GARANTIA,0.762,0,2,0,0.292,OK,4,AGRO_MEDIO,CO,0
NF,TESSERACT,ES,CPR,0.538,0,4,0,0.374,OK,4,PJ_EPP,CO,0
CONTRATO,GOOGLE_VISION,EN,SEM_GARANTIA,0.25,0,2,0,0.871,OK,4,PJ_ME,NE,1
DIVERGENTE,TESSERACT,ES,SEM_GARANTIA,0.601,0,0,1,0.593,OK,4,PJ_ME,NE,1
LAUDO,TESSERACT,EN,MAQUINARIO,0.35,0,0,0,0.422,OK,4,PJ_GRANDE,N,0
LAUDO,GOOGLE_VISION,EN,SEM_GARANTIA,0.492,0,4,0,0.758,OK,4,PJ_EPP,NE,0
EXTRATO,TESSERACT,EN,SEM_GARANTIA,0.718,0,3,0,0.669,OK,4,AGRO_PEQUENO,NE,0
LAUDO,TESSERACT,EN,SEM_GARANTIA,0.777,0,3,0,0.717,OK,4,AGRO_GRANDE,S,0
LAUDO,TESSERACT,EN,CPR,0.888,0,4,0,0.357,OK,4,PF,CO,1
NF,GOOGLE_VISION,EN,SEM_GARANTIA,0.378,0,1,0,0.792,OK,4,PF,CO,0
CONTRATO,GOOGLE_VISION,EN,SEM_GARANTIA,0.615,0,3,0,0.595,OK,4,PJ_EPP,NE,1
CONTRATO,TESSERACT,EN,MAQUINARIO,0.461,0,3,0,0.499,OK,4,AGRO_GRANDE,S,0
DIVERGENTE,GOOGLE_VISION,EN,VEICULO,0.627,0,3,1,0.702,OK,4,AGRO_GRANDE,CO,0
NF,AZURE_OCR,ES,SEM_GARANTIA,0.268,0,2,0,0.603,OK,4,PJ_ME,S,1
LAUDO,AZURE_OCR,EN,SEM_GARANTIA,0.86,0,4,0,0.514,OK,4,PJ_GRANDE,NE,0
LAUDO,TESSERACT,ES,SEM_GARANTIA,0.929,1,3,0,0.695,REVIEW,4,PJ_ME,CO,0
EXTRATO,GOOGLE_VISION,ES,SEM_GARANTIA,0.642,0,2,0,0.444,OK,4,AGRO_MEDIO,NE,0
LAUDO,AZURE_OCR,EN,MAQUINARIO,0.788,0,5,0,0.927,REVIEW,4,PJ_ME,N,0
LAUDO,TESSERACT,ES,IMOVEL,0.872,1,3,0,0.44,REVIEW,4,PJ_ME,N,0
NF,AZURE_OCR,ES,VEICULO,0.299,0,3,0,0.608,OK,4,PJ_GRANDE,NE,0
DIVERGENTE,TESSERACT,EN,SEM_GARANTIA,0.595,0,3,0,0.737,OK,4,PJ_EPP,NE,1
DIVERGENTE,AZURE_OCR,EN,SEM_GARANTIA,0.607,1,3,0,0.661,REVIEW,4,PF,S,0
CONTRATO,TESSERACT,PT,SEM_GARANTIA,0.659,1,3,0,0.451,REVIEW,4,PF,NE,0
CONTRATO,TESSERACT,PT,SEM_GARANTIA,0.851,1,3,0,0.402,REVIEW,4,AGRO_PEQUENO,S,1
CONTRATO,GOOGLE_VISION,EN,IMOVEL,0.885,0,8,0,0.708,REVIEW,4,PJ_EPP,NE,0
LAUDO,GOOGLE_VISION,PT,SEM_GARANTIA,0.796,1,3,0,0.455,REVIEW,4,PJ_EPP,CO,0
NF,TESSERACT,ES,CPR,0.743,0,5,0,0.825,REVIEW,4,AGRO_MEDIO,NE,0
LAUDO,AZURE_OCR,EN,SEM_GARANTIA,0.88,0,1,0,0.495,OK,4,PJ_EPP,N,0
EXTRATO,TESSERACT,ES,SEM_GARANTIA,0.815,1,4,0,0.566,REVIEW,4,AGRO_GRANDE,NE,1
DIVERGENTE,AZURE_OCR,EN,SEM_GARANTIA,0.639,0,3,0,0.778,OK,4,PF,N,0
EXTRATO,AZURE_OCR,ES,SEM_GARANTIA,0.382,1,2,0,0.776,REVIEW,4,AGRO_MEDIO,SE,0
NF,TESSERACT,EN,MAQUINARIO,0.376,0,3,0,0.707,OK,4,PF,CO,0
NF,TESSERACT,EN,SEM_GARANTIA,0.895,0,3,0,0.754,OK,4,AGRO_MEDIO,S,0
CONTRATO,GOOGLE_VISION,ES,VEICULO,0.65,0,6,0,0.817,REVIEW,4,AGRO_PEQUENO,NE,0
CONTRATO,AZURE_OCR,EN,CPR,0.393,1,1,0,0.452,REVIEW,4,PJ_ME,SE,1
EXTRATO,GOOGLE_VISION,ES,SEM_GARANTIA,0.605,0,0,0,0.49,OK,4,PJ_ME,N,0
LAUDO,GOOGLE_VISION,ES,SEM_GARANTIA,0.491,0,1,1,0.651,OK,4,AGRO_GRANDE,SE,0
DIVERGENTE,GOOGLE_VISION,EN,SEM_GARANTIA,0.475,0,4,0,0.7144999999999999,OK,4,AGRO_GRANDE,CO,0
DIVERGENTE,AZURE_OCR,ES,SEM_GARANTIA,0.305,1,0,0,0.758,REVIEW,4,PJ_ME,N,0
NF,GOOGLE_VISION,ES,CPR,0.702,0,5,0,0.899,REVIEW,4,PJ_GRANDE,NE,0
LAUDO,TESSERACT,EN,SEM_GARANTIA,0.88,1,1,0,0.229,REVIEW,4,AGRO_MEDIO,SE,0
EXTRATO,TESSERACT,PT,SEM_GARANTIA,0.928,0,6,0,0.321,REVIEW,4,AGRO_MEDIO,NE,1
EXTRATO,GOOGLE_VISION,EN,SEM_GARANTIA,0.695,0,1,1,0.604,OK,4,AGRO_MEDIO,CO,0
DIVERGENTE,AZURE_OCR,ES,SEM_GARANTIA,0.575,0,3,0,0.739,OK,4,PF,N,0
EXTRATO,GOOGLE_VISION,PT,SEM_GARANTIA,0.836,1,4,0,0.467,REVIEW,4,PJ_ME,SE,0
NF,GOOGLE_VISION,EN,SEM_GARANTIA,0.706,0,3,0,0.528,OK,4,PJ_GRANDE,NE,0
CONTRATO,GOOGLE_VISION,EN,SEM_GARANTIA,0.662,0,0,0,0.362,OK,4,PJ_EPP,N,0
LAUDO,TESSERACT,EN,SEM_GARANTIA,0.379,1,1,0,0.582,REVIEW,4,AGRO_GRANDE,S,1
NF,AZURE_OCR,ES,SEM_GARANTIA,0.695,0,3,0,0.603,OK,4,PJ_GRANDE,N,0
EXTRATO,GOOGLE_VISION,ES,VEICULO,0.275,0,1,0,0.455,OK,4,PJ_EPP,N,1
EXTRATO,GOOGLE_VISION,EN,SEM_GARANTIA,0.645,0,4,0,0.642,OK,4,AGRO_GRANDE,S,0
DIVERGENTE,AZURE_OCR,ES,SEM_GARANTIA,0.741,0,3,0,0.787,OK,4,AGRO_MEDIO,N,0
EXTRATO,AZURE_OCR,ES,SEM_GARANTIA,0.477,0,3,0,0.78,OK,4,AGRO_PEQUENO,N,0
EXTRATO,GOOGLE_VISION,EN,SEM_GARANTIA,0.87,0,0,0,0.437,OK,4,PJ_GRANDE,S,0
DIVERGENTE,TESSERACT,ES,SEM_GARANTIA,0.575,0,3,0,0.588,OK,4,PJ_GRANDE,N,1
EXTRATO,AZURE_OCR,ES,SEM_GARANTIA,0.396,0,0,0,0.688,OK,4,PJ_EPP,S,0
CONTRATO,TESSERACT,EN,MAQUINARIO,0.577,1,1,1,0.408,REVIEW,4,AGRO_MEDIO,NE,0
DIVERGENTE,TESSERACT,ES,IMOVEL,0.539,0,3,0,0.487,OK,4,PJ_EPP,NE,0
LAUDO,TESSERACT,EN,MAQUINARIO,0.767,0,5,0,0.597,REVIEW,4,AGRO_GRANDE,CO,0
LAUDO,AZURE_OCR,ES,MAQUINARIO,0.524,0,3,0,0.484,OK,4,PJ_GRANDE,N,0
CONTRATO,AZURE_OCR,EN,SEM_GARANTIA,0.714,0,4,0,0.953,OK,4,PF,CO,0
DIVERGENTE,AZURE_OCR,ES,CPR,0.86,0,3,0,0.496,OK,4,AGRO_MEDIO,N,0
LAUDO,AZURE_OCR,ES,SEM_GARANTIA,0.758,0,3,0,0.616,OK,4,AGRO_PEQUENO,N,1
DIVERGENTE,GOOGLE_VISION,ES,SEM_GARANTIA,0.353,0,1,0,0.564,OK,4,AGRO_GRANDE,N,0
CONTRATO,GOOGLE_VISION,ES,CPR,0.397,0,3,0,0.811,OK,4,AGRO_MEDIO,CO,0
DIVERGENTE,TESSERACT,EN,SEM_GARANTIA,0.668,1,5,0,0.592,REVIEW,4,AGRO_GRANDE,NE,1
NF,TESSERACT,EN,SEM_GARANTIA,0.832,1,3,0,0.728,REVIEW,4,PJ_ME,CO,0
CONTRATO,AZURE_OCR,ES,SEM_GARANTIA,0.68,0,4,0,0.666,OK,4,PJ_ME,N,0
EXTRATO,AZURE_OCR,EN,SEM_GARANTIA,0.825,0,3,0,0.958,OK,4,PJ_EPP,N,0
CONTRATO,TESSERACT,ES,SEM_GARANTIA,0.932,0,3,0,0.786,OK,4,PJ_EPP,S,1
LAUDO,GOOGLE_VISION,EN,SEM_GARANTIA,0.369,1,1,0,0.788,REVIEW,4,AGRO_PEQUENO,SE,0
DIVERGENTE,AZURE_OCR,PT,SEM_GARANTIA,0.643,1,5,0,0.444,REVIEW,4,AGRO_PEQUENO,NE,0
DIVERGENTE,TESSERACT,ES,SEM_GARANTIA,0.702,0,2,0,0.48,OK,4,PJ_ME,NE,0
DIVERGENTE,TESSERACT,ES,MAQUINARIO,0.696,0,3,0,0.25,OK,4,PJ_ME,NE,1
DIVERGENTE,TESSERACT,PT,VEICULO,0.364,1,4,0,0.455,REVIEW,4,AGRO_MEDIO,NE,0
DIVERGENTE,AZURE_OCR,EN,SEM_GARANTIA,0.639,0,1,0,0.433,OK,4,PJ_ME,S,0
CONTRATO,AZURE_OCR,EN,CPR,0.744,0,6,0,0.669,REVIEW,4,PJ_ME,CO,1
NF,TESSERACT,EN,IMOVEL,0.437,0,4,0,0.253,OK,4,PJ_ME,NE,0
NF,GOOGLE_VISION,PT,SEM_GARANTIA,0.389,0,3,0,0.415,OK,4,AGRO_MEDIO,SE,0
LAUDO,TESSERACT,PT,SEM_GARANTIA,0.637,0,5,0,0.476,REVIEW,4,AGRO_PEQUENO,SE,0
EXTRATO,TESSERACT,PT,SEM_GARANTIA,0.705,0,5,0,0.38,REVIEW,4,PJ_ME,N,0
LAUDO,TESSERACT,EN,SEM_GARANTIA,0.222,0,1,0,0.613,OK,4,PF,CO,0
DIVERGENTE,TESSERACT,ES,CPR,0.43,0,5,0,0.786,REVIEW,4,PF,S,0
DIVERGENTE,GOOGLE_VISION,EN,SEM_GARANTIA,0.591,0,3,0,0.739,OK,4,PJ_EPP,N,0
CONTRATO,TESSERACT,ES,MAQUINARIO,0.357,0,1,1,0.783,OK,4,PJ_ME,CO,0
LAUDO,AZURE_OCR,ES,MAQUINARIO,0.551,0,3,0,0.424,OK,4,AGRO_MEDIO,SE,0
LAUDO,AZURE_OCR,EN,MAQUINARIO,0.354,0,3,0,0.554,OK,4,AGRO_GRANDE,NE,0
NF,AZURE_OCR,EN,SEM_GARANTIA,0.511,0,3,0,0.813,OK,4,AGRO_PEQUENO,NE,0
DIVERGENTE,AZURE_OCR,EN,VEICULO,0.796,0,3,0,0.434,OK,4,PJ_ME,NE,0
DIVERGENTE,AZURE_OCR,ES,SEM_GARANTIA,0.599,0,3,0,0.62,OK,4,AGRO_PEQUENO,CO,0
EXTRATO,GOOGLE_VISION,EN,IMOVEL,0.326,0,4,0,0.653,OK,4,PJ_GRANDE,NE,0
DIVERGENTE,TESSERACT,EN,SEM_GARANTIA,0.483,0,4,0,0.839,OK,4,AGRO_MEDIO,NE,0
EXTRATO,AZURE_OCR,EN,SEM_GARANTIA,0.483,1,4,0,0.853,REVIEW,4,AGRO_MEDIO,NE,1
LAUDO,AZURE_OCR,EN,SEM_GARANTIA,0.56,0,4,0,0.661,OK,4,PF,NE,0
NF,AZURE_OCR,EN,SEM_GARANTIA,0.476,0,4,0,0.871,OK,4,PF,S,1
LAUDO,AZURE_OCR,EN,SEM_GARANTIA,0.363,0,1,0,0.711,OK,4,AGRO_PEQUENO,NE,0
CONTRATO,TESSERACT,ES,MAQUINARIO,0.722,0,3,0,0.462,OK,4,AGRO_MEDIO,CO,1
EXTRATO,TESSERACT,PT,SEM_GARANTIA,0.297,0,5,0,0.607,REVIEW,4,PJ_GRANDE,SE,0
DIVERGENTE,TESSERACT,EN,MAQUINARIO,0.741,0,5,0,0.954,REVIEW,4,PJ_GRANDE,SE,0
EXTRATO,TESSERACT,ES,SEM_GARANTIA,0.737,0,1,1,0.866,OK,4,AGRO_PEQUENO,NE,0
LAUDO,GOOGLE_VISION,EN,SEM_GARANTIA,0.753,0,0,0,0.335,OK,4,AGRO_GRANDE,NE,0
NF,AZURE_OCR,PT,SEM_GARANTIA,0.87,0,6,1,0.824,REVIEW,4,PJ_ME,N,0
CONTRATO,TESSERACT,EN,SEM_GARANTIA,0.674,0,3,0,0.843,OK,4,PJ_GRANDE,SE,0
LAUDO,TESSERACT,ES,SEM_GARANTIA,0.481,0,1,0,0.495,OK,4,PF,CO,0
NF,AZURE_OCR,ES,MAQUINARIO,0.485,0,5,0,0.711,REVIEW,4,PJ_GRANDE,S,1
CONTRATO,TESSERACT,ES,SEM_GARANTIA,0.695,0,4,0,0.617,OK,4,AGRO_PEQUENO,S,0
LAUDO,GOOGLE_VISION,EN,SEM_GARANTIA,0.304,0,2,0,0.73,OK,4,AGRO_MEDIO,S,0
DIVERGENTE,TESSERACT,EN,SEM_GARANTIA,0.471,0,3,0,0.712,OK,4,AGRO_MEDIO,N,0
CONTRATO,TESSERACT,ES,SEM_GARANTIA,0.673,0,2,0,0.431,OK,4,PF,NE,0
DIVERGENTE,AZURE_OCR,ES,SEM_GARANTIA,0.669,0,3,0,0.815,OK,4,AGRO_PEQUENO,N,0
CONTRATO,GOOGLE_VISION,ES,SEM_GARANTIA,0.585,0,2,0,0.391,OK,4,PJ_ME,NE,0
DIVERGENTE,GOOGLE_VISION,EN,SEM_GARANTIA,0.743,0,3,0,0.819,OK,4,PJ_EPP,N,0
EXTRATO,TESSERACT,EN,IMOVEL,0.56,0,4,0,0.449,OK,4,PJ_ME,NE,0
NF,TESSERACT,EN,SEM_GARANTIA,0.745,0,2,0,0.475,OK,4,AGRO_GRANDE,NE,0
LAUDO,AZURE_OCR,EN,SEM_GARANTIA,0.678,0,2,0,0.459,OK,4,PJ_ME,N,0
DIVERGENTE,AZURE_OCR,ES,SEM_GARANTIA,0.614,0,1,0,0.365,OK,4,AGRO_GRANDE,NE,1
CONTRATO,TESSERACT,EN,MAQUINARIO,0.745,0,3,0,0.265,OK,4,PJ_ME,NE,0
CONTRATO,TESSERACT,ES,SEM_GARANTIA,0.667,0,3,0,0.613,OK,4,AGRO_PEQUENO,CO,0
NF,GOOGLE_VISION,EN,SEM_GARANTIA,0.348,0,1,0,0.839,OK,4,AGRO_GRANDE,N,1
NF,TESSERACT,ES,SEM_GARANTIA,0.712,0,3,0,0.935,OK,4,AGRO_GRANDE,SE,0
NF,AZURE_OCR,ES,SEM_GARANTIA,0.795,0,4,0,0.768,OK,4,PF,N,0
CONTRATO,TESSERACT,ES,MAQUINARIO,0.729,0,4,0,0.452,OK,4,PJ_ME,N,0
EXTRATO,TESSERACT,ES,SEM_GARANTIA,0.575,0,4,0,0.934,OK,4,PJ_GRANDE,NE,1
LAUDO,TESSERACT,EN,SEM_GARANTIA,0.7,0,3,0,0.646,OK,4,PJ_ME,CO,0
DIVERGENTE,TESSERACT,PT,SEM_GARANTIA,0.681,1,5,0,0.433,REVIEW,4,AGRO_MEDIO,CO,1
NF,TESSERACT,ES,CPR,0.716,0,4,0,0.377,OK,4,AGRO_MEDIO,S,0
DIVERGENTE,GOOGLE_VISION,ES,CPR,0.769,0,5,0,0.802,REVIEW,4,PJ_GRANDE,NE,1
DIVERGENTE,TESSERACT,EN,SEM_GARANTIA,0.881,0,3,0,0.597,OK,4,AGRO_GRANDE,SE,0
DIVERGENTE,GOOGLE_VISION,ES,MAQUINARIO,0.664,0,3,0,0.449,OK,4,PJ_GRANDE,CO,0
EXTRATO,GOOGLE_VISION,ES,SEM_GARANTIA,0.676,0,3,0,0.784,OK,4,PJ_ME,NE,1
LAUDO,TESSERACT,ES,SEM_GARANTIA,0.481,0,2,0,0.466,OK,4,PF,NE,0
LAUDO,AZURE_OCR,ES,SEM_GARANTIA,0.328,0,2,0,0.687,OK,4,AGRO_GRANDE,CO,0
LAUDO,GOOGLE_VISION,ES,SEM_GARANTIA,0.469,0,0,0,0.485,OK,4,PJ_EPP,NE,0
DIVERGENTE,GOOGLE_VISION,EN,SEM_GARANTIA,0.256,0,2,0,0.596,OK,4,AGRO_GRANDE,SE,0
LAUDO,GOOGLE_VISION,EN,MAQUINARIO,0.263,0,4,0,0.604,OK,4,AGRO_PEQUENO,NE,0
NF,AZURE_OCR,EN,IMOVEL,0.804,0,5,0,0.873,REVIEW,4,AGRO_MEDIO,S,1
EXTRATO,TESSERACT,EN,IMOVEL,0.867,0,5,0,0.863,REVIEW,4,AGRO_PEQUENO,NE,1
CONTRATO,TESSERACT,EN,SEM_GARANTIA,0.637,1,3,0,0.866,REVIEW,4,PF,SE,0
LAUDO,TESSERACT,ES,SEM_GARANTIA,0.399,0,1,0,0.556,OK,4,AGRO_GRANDE,SE,0
DIVERGENTE,GOOGLE_VISION,EN,SEM_GARANTIA,0.699,0,3,0,0.94,OK,4,PJ_GRANDE,SE,0
NF,AZURE_OCR,EN,SEM_GARANTIA,0.792,0,4,0,0.653,OK,4,AGRO_GRANDE,NE,0
NF,TESSERACT,EN,SEM_GARANTIA,0.753,0,0,0,0.493,OK,4,PJ_GRANDE,SE,0
EXTRATO,GOOGLE_VISION,EN,IMOVEL,0.292,0,4,0,0.709,OK,4,PJ_EPP,N,1
CONTRATO,AZURE_OCR,EN,SEM_GARANTIA,0.439,0,0,0,0.343,OK,4,PJ_EPP,N,0
NF,TESSERACT,EN,CPR,0.64,0,3,0,0.416,OK,4,PF,S,0
EXTRATO,AZURE_OCR,EN,SEM_GARANTIA,0.848,0,2,0,0.493,OK,4,PJ_GRANDE,CO,0
CONTRATO,GOOGLE_VISION,ES,MAQUINARIO,0.687,0,3,0,0.478,OK,4,AGRO_MEDIO,SE,0
